section,pattern,n,nops,param_set,label,segment_size,shortcuts_per_junction,max_skip_level,level_probability,local_interval,sub_interval,t_j,soft_pct,hard_pct,flagged_ratio_limit,min_seg_len_pct,max_suboptimal_segments,min_suboptimal_events_before_global,emergency_hard_segment_ratio,stop_crash_local_sub,block_size,jli_avg_us,jli_min_us,jli_max_us,jli_p50_us,jli_p95_us,jli_p99_us,jli_stddev_us,jli_jitter_us,jli_ci_lo_us,jli_ci_hi_us,sl_avg_us,sl_min_us,sl_max_us,sl_p50_us,sl_p95_us,sl_p99_us,sl_stddev_us,sl_jitter_us,sl_ci_lo_us,sl_ci_hi_us,ratio,win_rate,jli_mem_bytes,sl_mem_bytes,jli_steps_avg,jli_steps_p99,jli_dissolve_rate,jli_rebuild_rate,jli_local_scan,jli_sub_scan,jli_local_rebuild,jli_sub_rebuild,jli_global_rebuild,jli_rebuild_node_touches,jli_effective_cost,jli_efficiency,mem_ratio,repetition,seed,base_seed,repetitions_count,section2,pattern2,n2,nops2,eval_id
INSERT,adversarial,50000,2000000,0,1024-32-3-0.50,1024,32,3,0.500000,700,2000,0.320106,0.296353,0.452642,0.399400,0.217527,0.396621,2,0.756478,0.069413,10,0.29043,0.25851,0.32933,0.29000,0.32251,0.32805,0.01763,0.03805,0.28385,0.29701,0.20764,0.18561,0.22485,0.20904,0.22215,0.22423,0.01078,0.01519,0.20362,0.21166,1.387293,0.000000,49866968,81995952,23.44,49.74,0.000000,0.001004,81420,30000,30240,30000,0,124339380,1.448293e+07,6.904679e-08,0.608164,0,45,45,30,INSERT,adversarial,50000,2000000,1
INSERT,adversarial,50000,2000000,0,1024-32-3-0.50,1024,32,3,0.500000,700,2000,0.320106,0.296353,0.452642,0.399400,0.217527,0.396621,2,0.756478,0.069413,10,0.40657,0.26548,0.46527,0.41651,0.44355,0.45918,0.04747,0.04267,0.38885,0.42429,0.27421,0.18726,0.31369,0.28227,0.29812,0.30923,0.02729,0.02696,0.26402,0.28440,1.475575,0.033333,49866968,65595944,23.44,49.74,0.000000,0.001004,81420,30000,30240,30000,0,124339380,2.027436e+07,4.932338e-08,0.760214,0,45,45,30,INSERT,adversarial,50000,2000000,1
INSERT,adversarial,50000,2000000,0,8192-24-1-0.50,8192,24,1,0.500000,700,1000,0.318602,0.178539,0.459105,0.327735,0.143966,0.501797,5,0.864102,0.061065,8,0.12158,0.09642,0.17168,0.10612,0.16701,0.17075,0.02898,0.06462,0.10085,0.14231,0.12884,0.10132,0.16920,0.11287,0.16653,0.16866,0.02866,0.05579,0.10833,0.14934,0.940203,0.700000,49267584,65583648,13.26,25.00,0.000000,0.000183,25720,20000,1200,2460,0,44056340,5.990109e+06,1.669419e-07,0.751217,0,45,45,10,INSERT,adversarial,50000,2000000,1
