section,pattern,n,nops,param_set,label,segment_size,shortcuts_per_junction,max_skip_level,level_probability,local_interval,sub_interval,t_j,soft_pct,hard_pct,flagged_ratio_limit,min_seg_len_pct,max_suboptimal_segments,min_suboptimal_events_before_global,emergency_hard_segment_ratio,stop_crash_local_sub,block_size,jli_avg_us,jli_min_us,jli_max_us,jli_p50_us,jli_p95_us,jli_p99_us,jli_stddev_us,jli_jitter_us,jli_ci_lo_us,jli_ci_hi_us,sl_avg_us,sl_min_us,sl_max_us,sl_p50_us,sl_p95_us,sl_p99_us,sl_stddev_us,sl_jitter_us,sl_ci_lo_us,sl_ci_hi_us,ratio,win_rate,jli_mem_bytes,sl_mem_bytes,jli_steps_avg,jli_steps_p99,jli_dissolve_rate,jli_rebuild_rate,jli_local_scan,jli_sub_scan,jli_local_rebuild,jli_sub_rebuild,jli_global_rebuild,jli_rebuild_node_touches,jli_effective_cost,jli_efficiency,mem_ratio,repetition,seed,base_seed,repetitions_count,section2,pattern2,n2,nops2,eval_id
INSERT,adversarial,50000,2000000,0,1024-32-3-0.50,1024,32,3,0.500000,700,2000,0.320106,0.296353,0.452642,0.399400,0.217527,0.396621,2,0.756478,0.069413,10,0.29808,0.26543,0.32479,0.29594,0.32100,0.32467,0.01406,0.02874,0.29283,0.30332,0.20689,0.17490,0.23111,0.20697,0.22435,0.22924,0.01226,0.02227,0.20231,0.21146,1.429869,0.000000,49866984,81981120,23.45,49.80,0.000000,0.001004,81420,30000,30240,30000,0,124339380,1.486416e+07,6.727590e-08,0.608274,0,47,47,30,INSERT,adversarial,50000,2000000,1
INSERT,adversarial,50000,2000000,0,1024-32-3-0.50,1024,32,3,0.500000,700,2000,0.320106,0.296353,0.452642,0.399400,0.217527,0.396621,2,0.756478,0.069413,10,0.34012,0.27415,0.47910,0.29734,0.45376,0.47283,0.07302,0.17549,0.31286,0.36739,0.23268,0.18342,0.32536,0.20198,0.31102,0.32219,0.04891,0.12020,0.21442,0.25095,1.472089,0.000000,49866984,65581112,23.45,49.80,0.000000,0.001004,81420,30000,30240,30000,0,124339380,1.696093e+07,5.895903e-08,0.760386,0,47,47,30,INSERT,adversarial,50000,2000000,1
INSERT,adversarial,50000,2000000,0,8192-24-1-0.50,8192,24,1,0.500000,700,1000,0.318602,0.178539,0.459105,0.327735,0.143966,0.501797,5,0.864102,0.061065,8,0.09581,0.09315,0.10539,0.09533,0.10134,0.10458,0.00356,0.00925,0.09327,0.09835,0.10368,0.09931,0.10950,0.10314,0.10941,0.10948,0.00387,0.00634,0.10091,0.10645,0.924284,0.900000,49267584,65588080,13.26,25.00,0.000000,0.000183,25720,20000,1200,2460,0,44056340,4.720327e+06,2.118497e-07,0.751167,0,47,47,10,INSERT,adversarial,50000,2000000,1
