section,pattern,n,nops,param_set,label,segment_size,shortcuts_per_junction,max_skip_level,level_probability,local_interval,sub_interval,t_j,soft_pct,hard_pct,flagged_ratio_limit,min_seg_len_pct,max_suboptimal_segments,min_suboptimal_events_before_global,emergency_hard_segment_ratio,stop_crash_local_sub,block_size,jli_avg_us,jli_min_us,jli_max_us,jli_p50_us,jli_p95_us,jli_p99_us,jli_stddev_us,jli_jitter_us,jli_ci_lo_us,jli_ci_hi_us,sl_avg_us,sl_min_us,sl_max_us,sl_p50_us,sl_p95_us,sl_p99_us,sl_stddev_us,sl_jitter_us,sl_ci_lo_us,sl_ci_hi_us,ratio,win_rate,jli_mem_bytes,sl_mem_bytes,jli_steps_avg,jli_steps_p99,jli_dissolve_rate,jli_rebuild_rate,jli_local_scan,jli_sub_scan,jli_local_rebuild,jli_sub_rebuild,jli_global_rebuild,jli_rebuild_node_touches,jli_effective_cost,jli_efficiency,mem_ratio,repetition,seed,base_seed,repetitions_count,section2,pattern2,n2,nops2,eval_id
INSERT,adversarial,50000,2000000,0,1024-32-3-0.50,1024,32,3,0.500000,700,2000,0.320106,0.296353,0.452642,0.399400,0.217527,0.396621,2,0.756478,0.069413,10,0.30314,0.27531,0.33375,0.30586,0.31829,0.32927,0.01339,0.02341,0.29814,0.30813,0.20744,0.18795,0.22997,0.20842,0.22645,0.22956,0.01147,0.02114,0.20316,0.21173,1.467524,0.000000,49867032,82015632,23.44,49.77,0.000000,0.001004,81420,30000,30240,30000,0,124339380,1.511645e+07,6.615310e-08,0.608019,0,43,43,30,INSERT,adversarial,50000,2000000,1
INSERT,adversarial,50000,2000000,0,1024-32-3-0.50,1024,32,3,0.500000,700,2000,0.320106,0.296353,0.452642,0.399400,0.217527,0.396621,2,0.756478,0.069413,10,0.40753,0.27124,0.47624,0.41752,0.44173,0.46667,0.04533,0.04914,0.39061,0.42446,0.27436,0.19874,0.31318,0.27593,0.30367,0.31102,0.02468,0.03509,0.26514,0.28357,1.513165,0.000000,49867032,65615624,23.44,49.77,0.000000,0.001004,81420,30000,30240,30000,0,124339380,2.032249e+07,4.920657e-08,0.759987,0,43,43,30,INSERT,adversarial,50000,2000000,1
INSERT,adversarial,50000,2000000,0,8192-24-1-0.50,8192,24,1,0.500000,700,1000,0.318602,0.178539,0.459105,0.327735,0.143966,0.501797,5,0.864102,0.061065,8,0.12561,0.09583,0.17141,0.11852,0.16340,0.16981,0.02697,0.05130,0.10632,0.14490,0.13829,0.10749,0.16451,0.13930,0.16437,0.16448,0.02594,0.02518,0.11973,0.15684,0.850788,0.900000,49267584,65574112,13.26,25.00,0.000000,0.000183,25720,20000,1200,2460,0,44056340,6.188539e+06,1.615890e-07,0.751327,0,43,43,10,INSERT,adversarial,50000,2000000,1
