section,pattern,n,nops,param_set,label,segment_size,shortcuts_per_junction,max_skip_level,level_probability,local_interval,sub_interval,t_j,soft_pct,hard_pct,flagged_ratio_limit,min_seg_len_pct,max_suboptimal_segments,min_suboptimal_events_before_global,emergency_hard_segment_ratio,stop_crash_local_sub,block_size,jli_avg_us,jli_min_us,jli_max_us,jli_p50_us,jli_p95_us,jli_p99_us,jli_stddev_us,jli_jitter_us,jli_ci_lo_us,jli_ci_hi_us,sl_avg_us,sl_min_us,sl_max_us,sl_p50_us,sl_p95_us,sl_p99_us,sl_stddev_us,sl_jitter_us,sl_ci_lo_us,sl_ci_hi_us,ratio,win_rate,jli_mem_bytes,sl_mem_bytes,jli_steps_avg,jli_steps_p99,jli_dissolve_rate,jli_rebuild_rate,jli_local_scan,jli_sub_scan,jli_local_rebuild,jli_sub_rebuild,jli_global_rebuild,jli_rebuild_node_touches,jli_effective_cost,jli_efficiency,mem_ratio,repetition,seed,base_seed,repetitions_count,section2,pattern2,n2,nops2,eval_id
INSERT,zipfian,50000,2000000,0,256-16-4-0.50,256,16,4,0.500000,1200,1600,0.130374,0.339085,0.591711,0.329758,0.174459,0.457139,4,0.710464,0.078500,24,0.48691,0.45423,0.52684,0.48585,0.51137,0.52299,0.01662,0.03714,0.48071,0.49312,0.34717,0.31824,0.38407,0.34767,0.36944,0.38120,0.01476,0.03353,0.34166,0.35268,1.397434,0.000000,3551760,5718144,13.69,31.60,0.000000,0.000031,2290,1740,127,1740,0,8894044,1.729404e+06,5.782339e-07,0.621139,0,47,47,30,INSERT,zipfian,50000,2000000,1
INSERT,zipfian,50000,2000000,0,256-16-4-0.50,256,16,4,0.500000,1200,1600,0.130374,0.339085,0.591711,0.329758,0.174459,0.457139,4,0.710464,0.078500,24,0.66161,0.50558,0.72019,0.67408,0.70609,0.71614,0.04517,0.04206,0.64474,0.67847,0.43981,0.37514,0.48512,0.44252,0.47264,0.48301,0.02454,0.04049,0.43065,0.44897,1.523260,0.000000,3551760,4573304,13.69,31.60,0.000000,0.000031,2290,1740,127,1740,0,8894044,2.349862e+06,4.255568e-07,0.776629,0,47,47,30,INSERT,zipfian,50000,2000000,1
INSERT,zipfian,50000,2000000,0,256-24-6-0.50,256,24,6,0.500000,700,1600,0.399697,0.290827,0.331190,0.291272,0.214448,0.552983,5,0.854589,0.063454,4,0.24090,0.22281,0.27642,0.23959,0.26489,0.27412,0.01547,0.03453,0.22983,0.25196,0.17460,0.14831,0.20652,0.17706,0.19791,0.20480,0.01756,0.02774,0.16204,0.18716,1.353158,0.000000,3597728,4568728,12.48,29.80,0.000000,0.000030,1241,580,18,580,0,5551734,8.666809e+05,1.153827e-06,0.787468,0,47,47,10,INSERT,zipfian,50000,2000000,1
