section,pattern,n,nops,param_set,label,segment_size,shortcuts_per_junction,max_skip_level,level_probability,local_interval,sub_interval,t_j,soft_pct,hard_pct,flagged_ratio_limit,min_seg_len_pct,max_suboptimal_segments,min_suboptimal_events_before_global,emergency_hard_segment_ratio,stop_crash_local_sub,block_size,jli_avg_us,jli_min_us,jli_max_us,jli_p50_us,jli_p95_us,jli_p99_us,jli_stddev_us,jli_jitter_us,jli_ci_lo_us,jli_ci_hi_us,sl_avg_us,sl_min_us,sl_max_us,sl_p50_us,sl_p95_us,sl_p99_us,sl_stddev_us,sl_jitter_us,sl_ci_lo_us,sl_ci_hi_us,ratio,win_rate,jli_mem_bytes,sl_mem_bytes,jli_steps_avg,jli_steps_p99,jli_dissolve_rate,jli_rebuild_rate,jli_local_scan,jli_sub_scan,jli_local_rebuild,jli_sub_rebuild,jli_global_rebuild,jli_rebuild_node_touches,jli_effective_cost,jli_efficiency,mem_ratio,repetition,seed,base_seed,repetitions_count,section2,pattern2,n2,nops2,eval_id
INSERT,zipfian,50000,2000000,0,256-16-4-0.50,256,16,4,0.500000,1200,1600,0.130374,0.339085,0.591711,0.329758,0.174459,0.457139,4,0.710464,0.078500,24,0.49337,0.45074,0.56998,0.48590,0.56336,0.56929,0.03001,0.08339,0.48217,0.50458,0.34488,0.31823,0.38153,0.34110,0.37834,0.38110,0.01827,0.04000,0.33806,0.35171,1.424528,0.000000,3541584,5714192,13.85,31.70,0.000000,0.000031,2295,1740,132,1740,0,9256877,1.747324e+06,5.723036e-07,0.619787,0,46,46,30,INSERT,zipfian,50000,2000000,1
INSERT,zipfian,50000,2000000,0,256-16-4-0.50,256,16,4,0.500000,1200,1600,0.130374,0.339085,0.591711,0.329758,0.174459,0.457139,4,0.710464,0.078500,24,0.58667,0.47475,0.76543,0.57640,0.73017,0.75772,0.09637,0.18132,0.55069,0.62265,0.38736,0.30476,0.48146,0.38286,0.46739,0.48003,0.06066,0.09717,0.36471,0.41001,1.505523,0.000000,3541584,4570432,13.85,31.70,0.000000,0.000031,2295,1740,132,1740,0,9256877,2.077750e+06,4.812898e-07,0.774890,0,46,46,30,INSERT,zipfian,50000,2000000,1
INSERT,zipfian,50000,2000000,0,256-24-6-0.50,256,24,6,0.500000,700,1600,0.399697,0.290827,0.331190,0.291272,0.214448,0.552983,5,0.854589,0.063454,4,0.23926,0.21625,0.27663,0.23228,0.27151,0.27560,0.01828,0.04332,0.22618,0.25234,0.17001,0.15709,0.18808,0.16940,0.18704,0.18787,0.01175,0.01847,0.16160,0.17842,1.371204,0.000000,3598648,4572840,12.48,30.00,0.000000,0.000030,1241,580,17,580,0,5646888,8.610039e+05,1.161435e-06,0.786961,0,46,46,10,INSERT,zipfian,50000,2000000,1
