section,pattern,n,nops,param_set,label,segment_size,shortcuts_per_junction,max_skip_level,level_probability,local_interval,sub_interval,t_j,soft_pct,hard_pct,flagged_ratio_limit,min_seg_len_pct,max_suboptimal_segments,min_suboptimal_events_before_global,emergency_hard_segment_ratio,stop_crash_local_sub,block_size,jli_avg_us,jli_min_us,jli_max_us,jli_p50_us,jli_p95_us,jli_p99_us,jli_stddev_us,jli_jitter_us,jli_ci_lo_us,jli_ci_hi_us,sl_avg_us,sl_min_us,sl_max_us,sl_p50_us,sl_p95_us,sl_p99_us,sl_stddev_us,sl_jitter_us,sl_ci_lo_us,sl_ci_hi_us,ratio,win_rate,jli_mem_bytes,sl_mem_bytes,jli_steps_avg,jli_steps_p99,jli_dissolve_rate,jli_rebuild_rate,jli_local_scan,jli_sub_scan,jli_local_rebuild,jli_sub_rebuild,jli_global_rebuild,jli_rebuild_node_touches,jli_effective_cost,jli_efficiency,mem_ratio,repetition,seed,base_seed,repetitions_count,section2,pattern2,n2,nops2,eval_id
INSERT,zipfian,50000,2000000,0,256-16-4-0.50,256,16,4,0.500000,1200,1600,0.130374,0.339085,0.591711,0.329758,0.174459,0.457139,4,0.710464,0.078500,24,0.47544,0.42638,0.50031,0.47500,0.49949,0.50009,0.01715,0.02509,0.46903,0.48184,0.33840,0.31185,0.37357,0.33896,0.35122,0.36711,0.01253,0.02816,0.33373,0.34308,1.401334,0.000000,3540104,5718920,13.78,31.73,0.000000,0.000031,2289,1739,117,1739,0,9099072,1.683097e+06,5.941427e-07,0.619016,0,44,44,30,INSERT,zipfian,50000,2000000,1
INSERT,zipfian,50000,2000000,0,256-16-4-0.50,256,16,4,0.500000,1200,1600,0.130374,0.339085,0.591711,0.329758,0.174459,0.457139,4,0.710464,0.078500,24,0.64307,0.45682,0.73825,0.64918,0.70494,0.73059,0.05534,0.08141,0.62241,0.66374,0.42734,0.30067,0.47716,0.42891,0.47246,0.47703,0.03300,0.04812,0.41502,0.43966,1.513551,0.000000,3540104,4576184,13.78,31.73,0.000000,0.000031,2289,1739,117,1739,0,9099072,2.276550e+06,4.392612e-07,0.773593,0,44,44,30,INSERT,zipfian,50000,2000000,1
INSERT,zipfian,50000,2000000,0,256-24-6-0.50,256,24,6,0.500000,700,1600,0.399697,0.290827,0.331190,0.291272,0.214448,0.552983,5,0.854589,0.063454,4,0.23302,0.22139,0.24858,0.22959,0.24654,0.24817,0.00917,0.01858,0.22646,0.23957,0.16686,0.15467,0.18343,0.16520,0.18026,0.18280,0.00956,0.01760,0.16003,0.17370,1.389758,0.000000,3598216,4574232,12.45,29.70,0.000000,0.000030,1240,580,22,580,0,5598507,8.384398e+05,1.192692e-06,0.786627,0,44,44,10,INSERT,zipfian,50000,2000000,1
