section,pattern,n,nops,param_set,label,segment_size,shortcuts_per_junction,max_skip_level,level_probability,local_interval,sub_interval,t_j,soft_pct,hard_pct,flagged_ratio_limit,min_seg_len_pct,max_suboptimal_segments,min_suboptimal_events_before_global,emergency_hard_segment_ratio,stop_crash_local_sub,block_size,jli_avg_us,jli_min_us,jli_max_us,jli_p50_us,jli_p95_us,jli_p99_us,jli_stddev_us,jli_jitter_us,jli_ci_lo_us,jli_ci_hi_us,sl_avg_us,sl_min_us,sl_max_us,sl_p50_us,sl_p95_us,sl_p99_us,sl_stddev_us,sl_jitter_us,sl_ci_lo_us,sl_ci_hi_us,ratio,win_rate,jli_mem_bytes,sl_mem_bytes,jli_steps_avg,jli_steps_p99,jli_dissolve_rate,jli_rebuild_rate,jli_local_scan,jli_sub_scan,jli_local_rebuild,jli_sub_rebuild,jli_global_rebuild,jli_rebuild_node_touches,jli_effective_cost,jli_efficiency,mem_ratio,repetition,seed,base_seed,repetitions_count,section2,pattern2,n2,nops2,eval_id
INSERT,zipfian,50000,2000000,0,256-16-4-0.50,256,16,4,0.500000,1200,1600,0.130374,0.339085,0.591711,0.329758,0.174459,0.457139,4,0.710464,0.078500,24,0.46731,0.44076,0.49690,0.46968,0.48545,0.49399,0.01274,0.02431,0.46255,0.47207,0.32880,0.31141,0.35657,0.33091,0.34151,0.35224,0.01046,0.02133,0.32490,0.33271,1.419362,0.000000,3535688,5731816,13.81,31.93,0.000000,0.000031,2289,1740,135,1740,0,9007364,1.652264e+06,6.052300e-07,0.616853,0,43,43,30,INSERT,zipfian,50000,2000000,1
INSERT,zipfian,50000,2000000,0,256-16-4-0.50,256,16,4,0.500000,1200,1600,0.130374,0.339085,0.591711,0.329758,0.174459,0.457139,4,0.710464,0.078500,24,0.65521,0.47205,0.73519,0.66899,0.71326,0.73141,0.05690,0.06241,0.63396,0.67645,0.42833,0.30217,0.48503,0.42852,0.45860,0.47866,0.02885,0.05014,0.41756,0.43910,1.561185,0.000000,3535688,4588096,13.81,31.93,0.000000,0.000031,2289,1740,135,1740,0,9007364,2.316604e+06,4.316664e-07,0.770622,0,43,43,30,INSERT,zipfian,50000,2000000,1
INSERT,zipfian,50000,2000000,0,256-24-6-0.50,256,24,6,0.500000,700,1600,0.399697,0.290827,0.331190,0.291272,0.214448,0.552983,5,0.854589,0.063454,4,0.23850,0.21658,0.26399,0.23522,0.26232,0.26366,0.01524,0.02844,0.22760,0.24940,0.16796,0.14166,0.20209,0.16518,0.19597,0.20086,0.01794,0.03568,0.15513,0.18080,1.423992,0.000000,3597864,4567552,12.59,30.10,0.000000,0.000030,1240,580,13,580,0,5607787,8.580855e+05,1.165385e-06,0.787701,0,43,43,10,INSERT,zipfian,50000,2000000,1
