section,pattern,n,nops,param_set,label,segment_size,shortcuts_per_junction,max_skip_level,level_probability,local_interval,sub_interval,t_j,soft_pct,hard_pct,flagged_ratio_limit,min_seg_len_pct,max_suboptimal_segments,min_suboptimal_events_before_global,emergency_hard_segment_ratio,stop_crash_local_sub,block_size,jli_avg_us,jli_min_us,jli_max_us,jli_p50_us,jli_p95_us,jli_p99_us,jli_stddev_us,jli_jitter_us,jli_ci_lo_us,jli_ci_hi_us,sl_avg_us,sl_min_us,sl_max_us,sl_p50_us,sl_p95_us,sl_p99_us,sl_stddev_us,sl_jitter_us,sl_ci_lo_us,sl_ci_hi_us,ratio,win_rate,jli_mem_bytes,sl_mem_bytes,jli_steps_avg,jli_steps_p99,jli_dissolve_rate,jli_rebuild_rate,jli_local_scan,jli_sub_scan,jli_local_rebuild,jli_sub_rebuild,jli_global_rebuild,jli_rebuild_node_touches,jli_effective_cost,jli_efficiency,mem_ratio,repetition,seed,base_seed,repetitions_count,section2,pattern2,n2,nops2,eval_id
INSERT,zipfian,50000,2000000,0,256-16-4-0.50,256,16,4,0.500000,1200,1600,0.130374,0.339085,0.591711,0.329758,0.174459,0.457139,4,0.710464,0.078500,24,0.48205,0.44742,0.54134,0.47917,0.52033,0.53687,0.02178,0.05770,0.47392,0.49019,0.34017,0.30913,0.37725,0.33911,0.36678,0.37482,0.01669,0.03571,0.33394,0.34640,1.413020,0.000000,3548776,5723360,13.75,31.70,0.000000,0.000031,2293,1740,130,1740,0,8736679,1.710702e+06,5.845552e-07,0.620051,0,45,45,30,INSERT,zipfian,50000,2000000,1
INSERT,zipfian,50000,2000000,0,256-16-4-0.50,256,16,4,0.500000,1200,1600,0.130374,0.339085,0.591711,0.329758,0.174459,0.457139,4,0.710464,0.078500,24,0.61934,0.44790,0.71233,0.65195,0.68476,0.70510,0.07762,0.05315,0.59036,0.64832,0.41087,0.30274,0.46254,0.43049,0.46012,0.46192,0.05248,0.03143,0.39127,0.43046,1.514440,0.000000,3548776,4578872,13.75,31.70,0.000000,0.000031,2293,1740,130,1740,0,8736679,2.197896e+06,4.549805e-07,0.775033,0,45,45,30,INSERT,zipfian,50000,2000000,1
INSERT,zipfian,50000,2000000,0,256-24-6-0.50,256,24,6,0.500000,700,1600,0.399697,0.290827,0.331190,0.291272,0.214448,0.552983,5,0.854589,0.063454,4,0.22852,0.21786,0.24035,0.22823,0.23774,0.23983,0.00713,0.01159,0.22341,0.23362,0.15963,0.15149,0.17265,0.15737,0.17007,0.17214,0.00699,0.01477,0.15463,0.16463,1.450305,0.000000,3601160,4572800,12.56,30.00,0.000000,0.000030,1241,580,13,580,0,5648889,8.229306e+05,1.215169e-06,0.787517,0,45,45,10,INSERT,zipfian,50000,2000000,1
