section,pattern,n,nops,param_set,label,segment_size,shortcuts_per_junction,max_skip_level,level_probability,local_interval,sub_interval,t_j,soft_pct,hard_pct,flagged_ratio_limit,min_seg_len_pct,max_suboptimal_segments,min_suboptimal_events_before_global,emergency_hard_segment_ratio,stop_crash_local_sub,block_size,jli_avg_us,jli_min_us,jli_max_us,jli_p50_us,jli_p95_us,jli_p99_us,jli_stddev_us,jli_jitter_us,jli_ci_lo_us,jli_ci_hi_us,sl_avg_us,sl_min_us,sl_max_us,sl_p50_us,sl_p95_us,sl_p99_us,sl_stddev_us,sl_jitter_us,sl_ci_lo_us,sl_ci_hi_us,ratio,win_rate,jli_mem_bytes,sl_mem_bytes,jli_steps_avg,jli_steps_p99,jli_dissolve_rate,jli_rebuild_rate,jli_local_scan,jli_sub_scan,jli_local_rebuild,jli_sub_rebuild,jli_global_rebuild,jli_rebuild_node_touches,jli_effective_cost,jli_efficiency,mem_ratio,repetition,seed,base_seed,repetitions_count,section2,pattern2,n2,nops2,eval_id
INSERT,zipfian,50000,2000000,0,256-16-4-0.50,256,16,4,0.500000,1200,1600,0.130374,0.339085,0.591711,0.329758,0.174459,0.457139,4,0.710464,0.078500,24,0.48035,0.43776,0.52717,0.48118,0.51986,0.52516,0.02083,0.04398,0.47257,0.48813,0.33598,0.31230,0.38223,0.33124,0.36175,0.37706,0.01584,0.04582,0.33006,0.34189,1.452653,0.000000,3548408,5717144,13.77,31.50,0.000000,0.000031,2293,1740,140,1740,0,9054711,1.704479e+06,5.866895e-07,0.620661,0,42,42,30,INSERT,zipfian,50000,2000000,1
INSERT,zipfian,50000,2000000,0,256-16-4-0.50,256,16,4,0.500000,1200,1600,0.130374,0.339085,0.591711,0.329758,0.174459,0.457139,4,0.710464,0.078500,24,0.66584,0.51144,0.71975,0.67221,0.69386,0.71255,0.04015,0.04034,0.65085,0.68083,0.43662,0.32448,0.47443,0.44018,0.46467,0.47219,0.02636,0.03201,0.42677,0.44646,1.527135,0.000000,3548408,4573680,13.77,31.50,0.000000,0.000031,2293,1740,140,1740,0,9054711,2.362661e+06,4.232515e-07,0.775832,0,42,42,30,INSERT,zipfian,50000,2000000,1
INSERT,zipfian,50000,2000000,0,256-24-6-0.50,256,24,6,0.500000,700,1600,0.399697,0.290827,0.331190,0.291272,0.214448,0.552983,5,0.854589,0.063454,4,0.24485,0.22345,0.28829,0.23618,0.28173,0.28698,0.02214,0.05080,0.22902,0.26069,0.17606,0.16013,0.20197,0.17524,0.19527,0.20063,0.01357,0.02539,0.16636,0.18577,1.347749,0.000000,3598152,4571968,12.46,30.00,0.000000,0.000030,1240,580,14,580,0,5548960,8.810209e+05,1.135047e-06,0.787003,0,42,42,10,INSERT,zipfian,50000,2000000,1
