section,pattern,n,nops,param_set,label,segment_size,shortcuts_per_junction,max_skip_level,level_probability,local_interval,sub_interval,t_j,soft_pct,hard_pct,flagged_ratio_limit,min_seg_len_pct,max_suboptimal_segments,min_suboptimal_events_before_global,emergency_hard_segment_ratio,stop_crash_local_sub,block_size,jli_avg_us,jli_min_us,jli_max_us,jli_p50_us,jli_p95_us,jli_p99_us,jli_stddev_us,jli_jitter_us,jli_ci_lo_us,jli_ci_hi_us,sl_avg_us,sl_min_us,sl_max_us,sl_p50_us,sl_p95_us,sl_p99_us,sl_stddev_us,sl_jitter_us,sl_ci_lo_us,sl_ci_hi_us,ratio,win_rate,jli_mem_bytes,sl_mem_bytes,jli_steps_avg,jli_steps_p99,jli_dissolve_rate,jli_rebuild_rate,jli_local_scan,jli_sub_scan,jli_local_rebuild,jli_sub_rebuild,jli_global_rebuild,jli_rebuild_node_touches,jli_effective_cost,jli_efficiency,mem_ratio,repetition,seed,base_seed,repetitions_count,section2,pattern2,n2,nops2,eval_id
INSERT,random,50000,2000000,0,256-32-4-0.50,256,32,4,0.500000,2500000,2600000,0.137683,0.323645,0.481751,0.279888,0.140860,0.539441,4,0.942945,0.065921,24,1.08916,1.01514,1.49378,1.06654,1.21578,1.42860,0.09107,0.36206,1.05515,1.12316,0.77041,0.73181,0.86092,0.76367,0.82317,0.85150,0.02823,0.08783,0.75987,0.78095,1.396595,0.000000,3666808,6003464,18.87,32.27,0.000000,0.000000,0,0,0,0,0,0,3.993731e+06,2.503924e-07,0.610782,0,45,45,30,INSERT,random,50000,2000000,1
INSERT,random,50000,2000000,0,256-32-4-0.50,256,32,4,0.500000,2500000,2600000,0.137683,0.323645,0.481751,0.279888,0.140860,0.539441,4,0.942945,0.065921,24,1.41835,1.13913,1.67645,1.40452,1.65286,1.67407,0.12728,0.26955,1.37083,1.46587,0.93439,0.81400,1.04539,0.93251,1.02036,1.04328,0.05519,0.11077,0.91379,0.95500,1.506165,0.000000,3666808,4803080,18.87,32.27,0.000000,0.000000,0,0,0,0,0,0,5.200826e+06,1.922772e-07,0.763428,0,45,45,30,INSERT,random,50000,2000000,1
INSERT,random,50000,2000000,0,256-32-5-0.50,256,32,5,0.500000,2500000,2600000,0.143873,0.275017,0.468214,0.252574,0.145391,0.663793,2,0.840693,0.053623,12,0.85359,0.74668,1.06517,0.81977,1.02389,1.05692,0.10022,0.23715,0.78190,0.92527,0.55205,0.44726,0.71446,0.53383,0.69655,0.71088,0.08109,0.17705,0.49404,0.61005,1.535635,0.000000,3667032,4798168,19.53,33.40,0.000000,0.000000,0,0,0,0,0,0,3.130128e+06,3.194758e-07,0.764257,0,45,45,10,INSERT,random,50000,2000000,1
