section,pattern,n,nops,param_set,label,segment_size,shortcuts_per_junction,max_skip_level,level_probability,local_interval,sub_interval,t_j,soft_pct,hard_pct,flagged_ratio_limit,min_seg_len_pct,max_suboptimal_segments,min_suboptimal_events_before_global,emergency_hard_segment_ratio,stop_crash_local_sub,block_size,jli_avg_us,jli_min_us,jli_max_us,jli_p50_us,jli_p95_us,jli_p99_us,jli_stddev_us,jli_jitter_us,jli_ci_lo_us,jli_ci_hi_us,sl_avg_us,sl_min_us,sl_max_us,sl_p50_us,sl_p95_us,sl_p99_us,sl_stddev_us,sl_jitter_us,sl_ci_lo_us,sl_ci_hi_us,ratio,win_rate,jli_mem_bytes,sl_mem_bytes,jli_steps_avg,jli_steps_p99,jli_dissolve_rate,jli_rebuild_rate,jli_local_scan,jli_sub_scan,jli_local_rebuild,jli_sub_rebuild,jli_global_rebuild,jli_rebuild_node_touches,jli_effective_cost,jli_efficiency,mem_ratio,repetition,seed,base_seed,repetitions_count,section2,pattern2,n2,nops2,eval_id
INSERT,random,50000,2000000,0,256-32-4-0.50,256,32,4,0.500000,2500000,2600000,0.137683,0.323645,0.481751,0.279888,0.140860,0.539441,4,0.942945,0.065921,24,1.13599,1.06058,1.27541,1.12656,1.24536,1.27331,0.05046,0.14675,1.11715,1.15483,0.79393,0.74931,0.86400,0.79407,0.84172,0.86016,0.02705,0.06610,0.78383,0.80403,1.418717,0.000000,3666696,6000944,18.86,32.23,0.000000,0.000000,0,0,0,0,0,0,4.165337e+06,2.400766e-07,0.611020,0,42,42,30,INSERT,random,50000,2000000,1
INSERT,random,50000,2000000,0,256-32-4-0.50,256,32,4,0.500000,2500000,2600000,0.137683,0.323645,0.481751,0.279888,0.140860,0.539441,4,0.942945,0.065921,24,1.30156,0.94133,1.56238,1.32124,1.56029,1.56238,0.18249,0.24115,1.23342,1.36969,0.87068,0.64505,1.10863,0.89432,1.02719,1.08640,0.12234,0.19208,0.82500,0.91636,1.477372,0.000000,3666696,4800584,18.86,32.23,0.000000,0.000000,0,0,0,0,0,0,4.772417e+06,2.095375e-07,0.763802,0,42,42,30,INSERT,random,50000,2000000,1
INSERT,random,50000,2000000,0,256-32-5-0.50,256,32,5,0.500000,2500000,2600000,0.143873,0.275017,0.468214,0.252574,0.145391,0.663793,2,0.840693,0.053623,12,0.67789,0.48730,0.90908,0.67267,0.86528,0.90032,0.15620,0.22765,0.56616,0.78962,0.43101,0.33290,0.60159,0.40837,0.57083,0.59543,0.09366,0.18706,0.36401,0.49801,1.647203,0.000000,3667224,4798480,19.36,33.10,0.000000,0.000000,0,0,0,0,0,0,2.485984e+06,4.022552e-07,0.764247,0,42,42,10,INSERT,random,50000,2000000,1
