section,pattern,n,nops,param_set,label,segment_size,shortcuts_per_junction,max_skip_level,level_probability,local_interval,sub_interval,t_j,soft_pct,hard_pct,flagged_ratio_limit,min_seg_len_pct,max_suboptimal_segments,min_suboptimal_events_before_global,emergency_hard_segment_ratio,stop_crash_local_sub,block_size,jli_avg_us,jli_min_us,jli_max_us,jli_p50_us,jli_p95_us,jli_p99_us,jli_stddev_us,jli_jitter_us,jli_ci_lo_us,jli_ci_hi_us,sl_avg_us,sl_min_us,sl_max_us,sl_p50_us,sl_p95_us,sl_p99_us,sl_stddev_us,sl_jitter_us,sl_ci_lo_us,sl_ci_hi_us,ratio,win_rate,jli_mem_bytes,sl_mem_bytes,jli_steps_avg,jli_steps_p99,jli_dissolve_rate,jli_rebuild_rate,jli_local_scan,jli_sub_scan,jli_local_rebuild,jli_sub_rebuild,jli_global_rebuild,jli_rebuild_node_touches,jli_effective_cost,jli_efficiency,mem_ratio,repetition,seed,base_seed,repetitions_count,section2,pattern2,n2,nops2,eval_id
INSERT,random,50000,2000000,0,256-32-4-0.50,256,32,4,0.500000,2500000,2600000,0.137683,0.323645,0.481751,0.279888,0.140860,0.539441,4,0.942945,0.065921,24,1.08714,1.00375,1.26178,1.07209,1.22148,1.26021,0.05870,0.18812,1.06522,1.10906,0.76446,0.71873,0.82398,0.76007,0.81525,0.82198,0.03063,0.06190,0.75302,0.77589,1.410513,0.000000,3666632,5993648,18.87,32.27,0.000000,0.000000,0,0,0,0,0,0,3.986143e+06,2.508691e-07,0.611753,0,47,47,30,INSERT,random,50000,2000000,1
INSERT,random,50000,2000000,0,256-32-4-0.50,256,32,4,0.500000,2500000,2600000,0.137683,0.323645,0.481751,0.279888,0.140860,0.539441,4,0.942945,0.065921,24,1.35964,1.24133,1.49927,1.36085,1.47155,1.49812,0.06352,0.13727,1.33592,1.38335,0.91230,0.80772,1.02443,0.90507,0.99144,1.02099,0.04612,0.11592,0.89508,0.92953,1.503576,0.000000,3666632,4793328,18.87,32.27,0.000000,0.000000,0,0,0,0,0,0,4.985293e+06,2.005900e-07,0.764945,0,47,47,30,INSERT,random,50000,2000000,1
INSERT,random,50000,2000000,0,256-32-5-0.50,256,32,5,0.500000,2500000,2600000,0.143873,0.275017,0.468214,0.252574,0.145391,0.663793,2,0.840693,0.053623,12,0.79838,0.72106,0.91031,0.77670,0.90885,0.91002,0.07025,0.13331,0.74813,0.84863,0.55158,0.47515,0.61865,0.55698,0.60969,0.61686,0.04477,0.05988,0.51956,0.58360,1.394500,0.000000,3667144,4795096,19.37,33.20,0.000000,0.000000,0,0,0,0,0,0,2.927782e+06,3.415554e-07,0.764770,0,47,47,10,INSERT,random,50000,2000000,1
