section,pattern,n,nops,param_set,label,segment_size,shortcuts_per_junction,max_skip_level,level_probability,local_interval,sub_interval,t_j,soft_pct,hard_pct,flagged_ratio_limit,min_seg_len_pct,max_suboptimal_segments,min_suboptimal_events_before_global,emergency_hard_segment_ratio,stop_crash_local_sub,block_size,jli_avg_us,jli_min_us,jli_max_us,jli_p50_us,jli_p95_us,jli_p99_us,jli_stddev_us,jli_jitter_us,jli_ci_lo_us,jli_ci_hi_us,sl_avg_us,sl_min_us,sl_max_us,sl_p50_us,sl_p95_us,sl_p99_us,sl_stddev_us,sl_jitter_us,sl_ci_lo_us,sl_ci_hi_us,ratio,win_rate,jli_mem_bytes,sl_mem_bytes,jli_steps_avg,jli_steps_p99,jli_dissolve_rate,jli_rebuild_rate,jli_local_scan,jli_sub_scan,jli_local_rebuild,jli_sub_rebuild,jli_global_rebuild,jli_rebuild_node_touches,jli_effective_cost,jli_efficiency,mem_ratio,repetition,seed,base_seed,repetitions_count,section2,pattern2,n2,nops2,eval_id
INSERT,random,50000,2000000,0,256-32-4-0.50,256,32,4,0.500000,2500000,2600000,0.137683,0.323645,0.481751,0.279888,0.140860,0.539441,4,0.942945,0.065921,24,1.06506,0.99851,1.25683,1.06198,1.14443,1.22621,0.05276,0.16423,1.04536,1.08476,0.75929,0.70458,1.05176,0.74955,0.78459,0.97556,0.05815,0.22601,0.73758,0.78101,1.416818,0.000000,3666744,6006696,18.86,32.27,0.000000,0.000000,0,0,0,0,0,0,3.905300e+06,2.560623e-07,0.610443,0,44,44,30,INSERT,random,50000,2000000,1
INSERT,random,50000,2000000,0,256-32-4-0.50,256,32,4,0.500000,2500000,2600000,0.137683,0.323645,0.481751,0.279888,0.140860,0.539441,4,0.942945,0.065921,24,1.39501,0.95946,1.60785,1.40340,1.57879,1.60559,0.12367,0.20219,1.34884,1.44118,0.92778,0.69403,1.08398,0.92717,1.05479,1.07562,0.07180,0.14845,0.90097,0.95459,1.513647,0.000000,3666744,4806336,18.86,32.27,0.000000,0.000000,0,0,0,0,0,0,5.115148e+06,1.954978e-07,0.762898,0,44,44,30,INSERT,random,50000,2000000,1
INSERT,random,50000,2000000,0,256-32-5-0.50,256,32,5,0.500000,2500000,2600000,0.143873,0.275017,0.468214,0.252574,0.145391,0.663793,2,0.840693,0.053623,12,1.11434,0.80955,1.58502,1.14612,1.47761,1.56354,0.25058,0.41742,0.93510,1.29358,0.70455,0.51635,0.96468,0.71337,0.91605,0.95496,0.14439,0.24159,0.60127,0.80784,1.606631,0.000000,3667112,4803512,19.36,33.00,0.000000,0.000000,0,0,0,0,0,0,4.086410e+06,2.447136e-07,0.763423,0,44,44,10,INSERT,random,50000,2000000,1
