section,pattern,n,nops,param_set,label,segment_size,shortcuts_per_junction,max_skip_level,level_probability,local_interval,sub_interval,t_j,soft_pct,hard_pct,flagged_ratio_limit,min_seg_len_pct,max_suboptimal_segments,min_suboptimal_events_before_global,emergency_hard_segment_ratio,stop_crash_local_sub,block_size,jli_avg_us,jli_min_us,jli_max_us,jli_p50_us,jli_p95_us,jli_p99_us,jli_stddev_us,jli_jitter_us,jli_ci_lo_us,jli_ci_hi_us,sl_avg_us,sl_min_us,sl_max_us,sl_p50_us,sl_p95_us,sl_p99_us,sl_stddev_us,sl_jitter_us,sl_ci_lo_us,sl_ci_hi_us,ratio,win_rate,jli_mem_bytes,sl_mem_bytes,jli_steps_avg,jli_steps_p99,jli_dissolve_rate,jli_rebuild_rate,jli_local_scan,jli_sub_scan,jli_local_rebuild,jli_sub_rebuild,jli_global_rebuild,jli_rebuild_node_touches,jli_effective_cost,jli_efficiency,mem_ratio,repetition,seed,base_seed,repetitions_count,section2,pattern2,n2,nops2,eval_id
INSERT,random,50000,2000000,0,256-32-4-0.50,256,32,4,0.500000,2500000,2600000,0.137683,0.323645,0.481751,0.279888,0.140860,0.539441,4,0.942945,0.065921,24,1.13646,0.99807,1.48675,1.12312,1.38148,1.47800,0.11445,0.35488,1.09373,1.17920,0.80258,0.70602,1.03247,0.78543,1.00250,1.02411,0.07905,0.23868,0.77306,0.83209,1.429938,0.000000,3666824,6014368,18.86,32.23,0.000000,0.000000,0,0,0,0,0,0,4.167212e+06,2.399686e-07,0.609677,0,43,43,30,INSERT,random,50000,2000000,1
INSERT,random,50000,2000000,0,256-32-4-0.50,256,32,4,0.500000,2500000,2600000,0.137683,0.323645,0.481751,0.279888,0.140860,0.539441,4,0.942945,0.065921,24,1.26510,1.03553,1.53561,1.24042,1.39557,1.49529,0.10895,0.25487,1.22442,1.30578,0.85434,0.72759,0.95695,0.85986,0.95211,0.95683,0.06586,0.09697,0.82975,0.87893,1.442578,0.000000,3666824,4813984,18.86,32.23,0.000000,0.000000,0,0,0,0,0,0,4.638908e+06,2.155680e-07,0.761703,0,43,43,30,INSERT,random,50000,2000000,1
INSERT,random,50000,2000000,0,256-32-5-0.50,256,32,5,0.500000,2500000,2600000,0.143873,0.275017,0.468214,0.252574,0.145391,0.663793,2,0.840693,0.053623,12,0.87381,0.69793,1.04058,0.89069,1.02671,1.03780,0.11377,0.14711,0.79243,0.95519,0.54379,0.36826,0.60602,0.54822,0.60389,0.60560,0.06893,0.05738,0.49448,0.59310,1.624711,0.000000,3666872,4793136,19.33,33.00,0.000000,0.000000,0,0,0,0,0,0,3.204140e+06,3.120962e-07,0.765026,0,43,43,10,INSERT,random,50000,2000000,1
