section,pattern,n,nops,param_set,label,segment_size,shortcuts_per_junction,max_skip_level,level_probability,local_interval,sub_interval,t_j,soft_pct,hard_pct,flagged_ratio_limit,min_seg_len_pct,max_suboptimal_segments,min_suboptimal_events_before_global,emergency_hard_segment_ratio,stop_crash_local_sub,block_size,jli_avg_us,jli_min_us,jli_max_us,jli_p50_us,jli_p95_us,jli_p99_us,jli_stddev_us,jli_jitter_us,jli_ci_lo_us,jli_ci_hi_us,sl_avg_us,sl_min_us,sl_max_us,sl_p50_us,sl_p95_us,sl_p99_us,sl_stddev_us,sl_jitter_us,sl_ci_lo_us,sl_ci_hi_us,ratio,win_rate,jli_mem_bytes,sl_mem_bytes,jli_steps_avg,jli_steps_p99,jli_dissolve_rate,jli_rebuild_rate,jli_local_scan,jli_sub_scan,jli_local_rebuild,jli_sub_rebuild,jli_global_rebuild,jli_rebuild_node_touches,jli_effective_cost,jli_efficiency,mem_ratio,repetition,seed,base_seed,repetitions_count,section2,pattern2,n2,nops2,eval_id
INSERT,random,50000,2000000,0,256-32-4-0.50,256,32,4,0.500000,2500000,2600000,0.137683,0.323645,0.481751,0.279888,0.140860,0.539441,4,0.942945,0.065921,24,1.08990,1.00336,1.34174,1.05689,1.29731,1.33709,0.08582,0.28019,1.05786,1.12194,0.76272,0.71461,0.87738,0.75354,0.84241,0.87168,0.03780,0.11814,0.74861,0.77683,1.402569,0.000000,3666696,5995856,18.90,32.30,0.000000,0.000000,0,0,0,0,0,0,3.996329e+06,2.502296e-07,0.611538,0,46,46,30,INSERT,random,50000,2000000,1
INSERT,random,50000,2000000,0,256-32-4-0.50,256,32,4,0.500000,2500000,2600000,0.137683,0.323645,0.481751,0.279888,0.140860,0.539441,4,0.942945,0.065921,24,1.42507,1.23116,1.62346,1.42053,1.60405,1.62229,0.10483,0.20176,1.38594,1.46421,0.94119,0.82397,1.12495,0.93102,1.08895,1.11671,0.07330,0.18569,0.91383,0.96856,1.525787,0.000000,3666696,4795504,18.90,32.30,0.000000,0.000000,0,0,0,0,0,0,5.225315e+06,1.913760e-07,0.764611,0,46,46,30,INSERT,random,50000,2000000,1
INSERT,random,50000,2000000,0,256-32-5-0.50,256,32,5,0.500000,2500000,2600000,0.143873,0.275017,0.468214,0.252574,0.145391,0.663793,2,0.840693,0.053623,12,0.85060,0.69423,1.07583,0.80654,1.06523,1.07371,0.13225,0.26717,0.75600,0.94520,0.56520,0.46864,0.87482,0.52363,0.76492,0.85284,0.11852,0.32921,0.48042,0.64997,1.540291,0.000000,3666968,4798848,19.56,33.50,0.000000,0.000000,0,0,0,0,0,0,3.119105e+06,3.206048e-07,0.764135,0,46,46,10,INSERT,random,50000,2000000,1
