section,pattern,n,nops,param_set,label,segment_size,shortcuts_per_junction,max_skip_level,level_probability,local_interval,sub_interval,t_j,soft_pct,hard_pct,flagged_ratio_limit,min_seg_len_pct,max_suboptimal_segments,min_suboptimal_events_before_global,emergency_hard_segment_ratio,stop_crash_local_sub,block_size,jli_avg_us,jli_min_us,jli_max_us,jli_p50_us,jli_p95_us,jli_p99_us,jli_stddev_us,jli_jitter_us,jli_ci_lo_us,jli_ci_hi_us,sl_avg_us,sl_min_us,sl_max_us,sl_p50_us,sl_p95_us,sl_p99_us,sl_stddev_us,sl_jitter_us,sl_ci_lo_us,sl_ci_hi_us,ratio,win_rate,jli_mem_bytes,sl_mem_bytes,jli_steps_avg,jli_steps_p99,jli_dissolve_rate,jli_rebuild_rate,jli_local_scan,jli_sub_scan,jli_local_rebuild,jli_sub_rebuild,jli_global_rebuild,jli_rebuild_node_touches,jli_effective_cost,jli_efficiency,mem_ratio,repetition,seed,base_seed,repetitions_count,section2,pattern2,n2,nops2,eval_id
INSERT,sequential,50000,2000000,0,512-16-4-0.50,512,16,4,0.500000,900,1200,0.140898,0.278489,0.363143,0.234808,0.138289,0.692591,6,0.930044,0.078168,12,0.19004,0.16440,0.22622,0.18853,0.21197,0.22213,0.01497,0.03360,0.18445,0.19563,0.17497,0.16036,0.20447,0.17375,0.19401,0.20293,0.00987,0.02917,0.17129,0.17865,1.085037,0.133333,2441456,4001216,24.68,58.20,0.000000,0.000029,1650,1230,510,1230,0,3153180,4.639795e+05,2.155268e-06,0.610179,0,45,45,30,INSERT,sequential,50000,2000000,1
INSERT,sequential,50000,2000000,0,512-16-4-0.50,512,16,4,0.500000,900,1200,0.140898,0.278489,0.363143,0.234808,0.138289,0.692591,6,0.930044,0.078168,12,0.24334,0.15829,0.29454,0.25246,0.28064,0.29184,0.03403,0.03938,0.23063,0.25604,0.20200,0.14462,0.24025,0.20738,0.22262,0.23528,0.02240,0.02790,0.19364,0.21037,1.217427,0.000000,2441456,3200896,24.68,58.20,0.000000,0.000029,1650,1230,510,1230,0,3153180,5.940968e+05,1.683227e-06,0.762741,0,45,45,30,INSERT,sequential,50000,2000000,1
INSERT,sequential,50000,2000000,0,512-20-3-0.50,512,20,3,0.500000,1100,1200,0.333473,0.254385,0.374128,0.295578,0.249266,0.103974,6,0.968238,0.080881,16,0.13342,0.09093,0.27225,0.12035,0.21869,0.26153,0.05512,0.14119,0.09399,0.17284,0.10893,0.08864,0.13975,0.10831,0.13348,0.13849,0.01731,0.03018,0.09655,0.12131,1.111109,0.200000,2447616,3194496,22.91,55.60,0.000000,0.000021,420,410,0,410,0,938880,3.265533e+05,3.062287e-06,0.766198,0,45,45,10,INSERT,sequential,50000,2000000,1
