section,pattern,n,nops,param_set,label,segment_size,shortcuts_per_junction,max_skip_level,level_probability,local_interval,sub_interval,t_j,soft_pct,hard_pct,flagged_ratio_limit,min_seg_len_pct,max_suboptimal_segments,min_suboptimal_events_before_global,emergency_hard_segment_ratio,stop_crash_local_sub,block_size,jli_avg_us,jli_min_us,jli_max_us,jli_p50_us,jli_p95_us,jli_p99_us,jli_stddev_us,jli_jitter_us,jli_ci_lo_us,jli_ci_hi_us,sl_avg_us,sl_min_us,sl_max_us,sl_p50_us,sl_p95_us,sl_p99_us,sl_stddev_us,sl_jitter_us,sl_ci_lo_us,sl_ci_hi_us,ratio,win_rate,jli_mem_bytes,sl_mem_bytes,jli_steps_avg,jli_steps_p99,jli_dissolve_rate,jli_rebuild_rate,jli_local_scan,jli_sub_scan,jli_local_rebuild,jli_sub_rebuild,jli_global_rebuild,jli_rebuild_node_touches,jli_effective_cost,jli_efficiency,mem_ratio,repetition,seed,base_seed,repetitions_count,section2,pattern2,n2,nops2,eval_id
INSERT,sequential,50000,2000000,0,512-16-4-0.50,512,16,4,0.500000,900,1200,0.140898,0.278489,0.363143,0.234808,0.138289,0.692591,6,0.930044,0.078168,12,0.18437,0.15913,0.20979,0.18417,0.19968,0.20749,0.01077,0.02332,0.18035,0.18839,0.16719,0.15704,0.17775,0.16690,0.17492,0.17707,0.00507,0.01017,0.16530,0.16908,1.103485,0.100000,2441448,3998856,24.62,58.17,0.000000,0.000029,1650,1230,510,1230,0,3153180,4.501379e+05,2.221541e-06,0.610537,0,46,46,30,INSERT,sequential,50000,2000000,1
INSERT,sequential,50000,2000000,0,512-16-4-0.50,512,16,4,0.500000,900,1200,0.140898,0.278489,0.363143,0.234808,0.138289,0.692591,6,0.930044,0.078168,12,0.24367,0.15525,0.29610,0.25268,0.28323,0.29307,0.03625,0.04039,0.23014,0.25721,0.20074,0.14463,0.23148,0.20521,0.22505,0.22996,0.02346,0.02475,0.19199,0.20950,1.231317,0.000000,2441448,3198536,24.62,58.17,0.000000,0.000029,1650,1230,510,1230,0,3153180,5.949099e+05,1.680927e-06,0.763302,0,46,46,30,INSERT,sequential,50000,2000000,1
INSERT,sequential,50000,2000000,0,512-20-3-0.50,512,20,3,0.500000,1100,1200,0.333473,0.254385,0.374128,0.295578,0.249266,0.103974,6,0.968238,0.080881,16,0.12900,0.09174,0.16286,0.13167,0.16202,0.16269,0.02901,0.03102,0.10825,0.14975,0.11511,0.08867,0.14517,0.11532,0.14273,0.14469,0.02134,0.02937,0.09985,0.13038,1.141769,0.200000,2447672,3197616,23.14,55.80,0.000000,0.000021,420,410,0,410,0,938880,3.157564e+05,3.166998e-06,0.765468,0,46,46,10,INSERT,sequential,50000,2000000,1
