section,pattern,n,nops,param_set,label,segment_size,shortcuts_per_junction,max_skip_level,level_probability,local_interval,sub_interval,t_j,soft_pct,hard_pct,flagged_ratio_limit,min_seg_len_pct,max_suboptimal_segments,min_suboptimal_events_before_global,emergency_hard_segment_ratio,stop_crash_local_sub,block_size,jli_avg_us,jli_min_us,jli_max_us,jli_p50_us,jli_p95_us,jli_p99_us,jli_stddev_us,jli_jitter_us,jli_ci_lo_us,jli_ci_hi_us,sl_avg_us,sl_min_us,sl_max_us,sl_p50_us,sl_p95_us,sl_p99_us,sl_stddev_us,sl_jitter_us,sl_ci_lo_us,sl_ci_hi_us,ratio,win_rate,jli_mem_bytes,sl_mem_bytes,jli_steps_avg,jli_steps_p99,jli_dissolve_rate,jli_rebuild_rate,jli_local_scan,jli_sub_scan,jli_local_rebuild,jli_sub_rebuild,jli_global_rebuild,jli_rebuild_node_touches,jli_effective_cost,jli_efficiency,mem_ratio,repetition,seed,base_seed,repetitions_count,section2,pattern2,n2,nops2,eval_id
INSERT,sequential,50000,2000000,0,512-16-4-0.50,512,16,4,0.500000,900,1200,0.140898,0.278489,0.363143,0.234808,0.138289,0.692591,6,0.930044,0.078168,12,0.18843,0.16633,0.22311,0.18723,0.21093,0.22073,0.01237,0.03350,0.18382,0.19305,0.16882,0.15595,0.18049,0.16963,0.17819,0.18015,0.00667,0.01052,0.16633,0.17131,1.103750,0.033333,2441424,3999840,24.57,58.17,0.000000,0.000029,1650,1230,510,1230,0,3153180,4.600473e+05,2.173690e-06,0.610380,0,47,47,30,INSERT,sequential,50000,2000000,1
INSERT,sequential,50000,2000000,0,512-16-4-0.50,512,16,4,0.500000,900,1200,0.140898,0.278489,0.363143,0.234808,0.138289,0.692591,6,0.930044,0.078168,12,0.25749,0.16083,0.32477,0.26483,0.30352,0.32123,0.03566,0.05640,0.24417,0.27080,0.20826,0.14162,0.23117,0.21607,0.22706,0.23012,0.02274,0.01405,0.19977,0.21675,1.225701,0.033333,2441424,3199520,24.57,58.17,0.000000,0.000029,1650,1230,510,1230,0,3153180,6.286318e+05,1.590756e-06,0.763059,0,47,47,30,INSERT,sequential,50000,2000000,1
INSERT,sequential,50000,2000000,0,512-20-3-0.50,512,20,3,0.500000,1100,1200,0.333473,0.254385,0.374128,0.295578,0.249266,0.103974,6,0.968238,0.080881,16,0.10644,0.08763,0.14609,0.09431,0.14144,0.14516,0.02270,0.05085,0.09020,0.12267,0.10260,0.07884,0.14135,0.09611,0.13546,0.14017,0.02038,0.04406,0.08802,0.11718,0.981246,0.400000,2447640,3196000,23.17,55.90,0.000000,0.000021,420,410,0,410,0,938880,2.605258e+05,3.838391e-06,0.765845,0,47,47,10,INSERT,sequential,50000,2000000,1
