section,pattern,n,nops,param_set,label,segment_size,shortcuts_per_junction,max_skip_level,level_probability,local_interval,sub_interval,t_j,soft_pct,hard_pct,flagged_ratio_limit,min_seg_len_pct,max_suboptimal_segments,min_suboptimal_events_before_global,emergency_hard_segment_ratio,stop_crash_local_sub,block_size,jli_avg_us,jli_min_us,jli_max_us,jli_p50_us,jli_p95_us,jli_p99_us,jli_stddev_us,jli_jitter_us,jli_ci_lo_us,jli_ci_hi_us,sl_avg_us,sl_min_us,sl_max_us,sl_p50_us,sl_p95_us,sl_p99_us,sl_stddev_us,sl_jitter_us,sl_ci_lo_us,sl_ci_hi_us,ratio,win_rate,jli_mem_bytes,sl_mem_bytes,jli_steps_avg,jli_steps_p99,jli_dissolve_rate,jli_rebuild_rate,jli_local_scan,jli_sub_scan,jli_local_rebuild,jli_sub_rebuild,jli_global_rebuild,jli_rebuild_node_touches,jli_effective_cost,jli_efficiency,mem_ratio,repetition,seed,base_seed,repetitions_count,section2,pattern2,n2,nops2,eval_id
INSERT,hotspot,50000,2000000,0,256-32-4-0.50,256,32,4,0.500000,1200,1400,0.131035,0.290873,0.532200,0.352281,0.141905,0.340356,5,0.750369,0.037868,20,0.52823,0.49013,0.57142,0.53011,0.56258,0.56923,0.02072,0.03912,0.52049,0.53597,0.43216,0.41440,0.45972,0.43294,0.44790,0.45636,0.01124,0.02342,0.42797,0.43636,1.224444,0.000000,3715144,5867104,17.29,32.23,0.000000,0.000026,2081,2070,74,1406,90,8286107,1.962453e+06,5.095664e-07,0.633216,0,47,47,30,INSERT,hotspot,50000,2000000,1
INSERT,hotspot,50000,2000000,0,256-32-4-0.50,256,32,4,0.500000,1200,1400,0.131035,0.290873,0.532200,0.352281,0.141905,0.340356,5,0.750369,0.037868,20,0.73588,0.52884,0.90655,0.74483,0.86294,0.89906,0.07995,0.15424,0.70603,0.76573,0.58822,0.45313,0.75025,0.58540,0.70885,0.74235,0.06079,0.15695,0.56552,0.61092,1.272344,0.033333,3715144,4692280,17.29,32.23,0.000000,0.000026,2081,2070,74,1406,90,8286107,2.733909e+06,3.657767e-07,0.791757,0,47,47,30,INSERT,hotspot,50000,2000000,1
INSERT,hotspot,50000,2000000,0,256-32-4-0.50,256,32,4,0.500000,1300,2000,0.139407,0.268887,0.560038,0.304008,0.153014,0.546747,4,0.969262,0.056850,24,0.31173,0.27155,0.38978,0.30080,0.38186,0.38819,0.04123,0.08739,0.28224,0.34122,0.23310,0.20227,0.32033,0.22500,0.29202,0.31467,0.03610,0.08967,0.20728,0.25893,1.336932,0.000000,3731304,4693312,22.61,34.70,0.000000,0.000029,703,480,113,466,0,4626949,1.163145e+06,8.597381e-07,0.795026,0,47,47,10,INSERT,hotspot,50000,2000000,1
