section,pattern,n,nops,param_set,label,segment_size,shortcuts_per_junction,max_skip_level,level_probability,local_interval,sub_interval,t_j,soft_pct,hard_pct,flagged_ratio_limit,min_seg_len_pct,max_suboptimal_segments,min_suboptimal_events_before_global,emergency_hard_segment_ratio,stop_crash_local_sub,block_size,jli_avg_us,jli_min_us,jli_max_us,jli_p50_us,jli_p95_us,jli_p99_us,jli_stddev_us,jli_jitter_us,jli_ci_lo_us,jli_ci_hi_us,sl_avg_us,sl_min_us,sl_max_us,sl_p50_us,sl_p95_us,sl_p99_us,sl_stddev_us,sl_jitter_us,sl_ci_lo_us,sl_ci_hi_us,ratio,win_rate,jli_mem_bytes,sl_mem_bytes,jli_steps_avg,jli_steps_p99,jli_dissolve_rate,jli_rebuild_rate,jli_local_scan,jli_sub_scan,jli_local_rebuild,jli_sub_rebuild,jli_global_rebuild,jli_rebuild_node_touches,jli_effective_cost,jli_efficiency,mem_ratio,repetition,seed,base_seed,repetitions_count,section2,pattern2,n2,nops2,eval_id
INSERT,hotspot,50000,2000000,0,256-32-4-0.50,256,32,4,0.500000,2500000,2600000,0.131035,0.290873,0.532200,0.352281,0.141905,0.340356,5,0.750369,0.037868,20,0.62820,0.57650,0.67499,0.62968,0.65886,0.67099,0.02143,0.04132,0.62019,0.63620,0.44184,0.42050,0.49995,0.43881,0.46887,0.49430,0.01584,0.05550,0.43592,0.44775,1.434978,0.000000,3590472,5879704,19.96,32.67,0.000000,0.000000,0,0,0,0,0,0,2.255520e+06,4.433567e-07,0.610655,0,44,44,30,INSERT,hotspot,50000,2000000,1
INSERT,hotspot,50000,2000000,0,256-32-4-0.50,256,32,4,0.500000,2500000,2600000,0.131035,0.290873,0.532200,0.352281,0.141905,0.340356,5,0.750369,0.037868,20,0.82866,0.63807,1.08606,0.85331,0.93439,1.04240,0.10485,0.18909,0.78951,0.86781,0.54758,0.41447,0.67873,0.57696,0.62300,0.66390,0.07105,0.08693,0.52105,0.57411,1.478978,0.000000,3590472,4704760,19.96,32.67,0.000000,0.000000,0,0,0,0,0,0,2.975273e+06,3.361036e-07,0.763157,0,44,44,30,INSERT,hotspot,50000,2000000,1
INSERT,hotspot,50000,2000000,0,256-32-4-0.50,256,32,4,0.500000,2500000,2600000,0.139407,0.268887,0.560038,0.304008,0.153014,0.546747,4,0.969262,0.056850,24,0.46021,0.39072,0.50987,0.47361,0.50981,0.50986,0.04525,0.03625,0.42784,0.49258,0.31267,0.26012,0.38300,0.31527,0.37431,0.38126,0.03839,0.06599,0.28521,0.34013,1.502227,0.000000,3587264,4697104,20.13,32.90,0.000000,0.000000,0,0,0,0,0,0,1.650890e+06,6.057339e-07,0.763718,0,44,44,10,INSERT,hotspot,50000,2000000,1
