section,pattern,n,nops,param_set,label,segment_size,shortcuts_per_junction,max_skip_level,level_probability,local_interval,sub_interval,t_j,soft_pct,hard_pct,flagged_ratio_limit,min_seg_len_pct,max_suboptimal_segments,min_suboptimal_events_before_global,emergency_hard_segment_ratio,stop_crash_local_sub,block_size,jli_avg_us,jli_min_us,jli_max_us,jli_p50_us,jli_p95_us,jli_p99_us,jli_stddev_us,jli_jitter_us,jli_ci_lo_us,jli_ci_hi_us,sl_avg_us,sl_min_us,sl_max_us,sl_p50_us,sl_p95_us,sl_p99_us,sl_stddev_us,sl_jitter_us,sl_ci_lo_us,sl_ci_hi_us,ratio,win_rate,jli_mem_bytes,sl_mem_bytes,jli_steps_avg,jli_steps_p99,jli_dissolve_rate,jli_rebuild_rate,jli_local_scan,jli_sub_scan,jli_local_rebuild,jli_sub_rebuild,jli_global_rebuild,jli_rebuild_node_touches,jli_effective_cost,jli_efficiency,mem_ratio,repetition,seed,base_seed,repetitions_count,section2,pattern2,n2,nops2,eval_id
INSERT,hotspot,50000,2000000,0,256-32-4-0.50,256,32,4,0.500000,2500000,2600000,0.131035,0.290873,0.532200,0.352281,0.141905,0.340356,5,0.750369,0.037868,20,0.62782,0.58958,0.66484,0.62756,0.66156,0.66390,0.01963,0.03635,0.62049,0.63515,0.43932,0.41389,0.47012,0.43927,0.46426,0.46930,0.01407,0.03003,0.43406,0.44457,1.428633,0.000000,3588072,5870920,19.95,32.57,0.000000,0.000000,0,0,0,0,0,0,2.252664e+06,4.439189e-07,0.611160,0,42,42,30,INSERT,hotspot,50000,2000000,1
INSERT,hotspot,50000,2000000,0,256-32-4-0.50,256,32,4,0.500000,2500000,2600000,0.131035,0.290873,0.532200,0.352281,0.141905,0.340356,5,0.750369,0.037868,20,0.83540,0.64861,0.92548,0.84415,0.90868,0.92139,0.05278,0.07724,0.81570,0.85511,0.55260,0.42302,0.59673,0.56173,0.58416,0.59342,0.03229,0.03169,0.54054,0.56465,1.502768,0.000000,3588072,4696760,19.95,32.57,0.000000,0.000000,0,0,0,0,0,0,2.997477e+06,3.336138e-07,0.763946,0,42,42,30,INSERT,hotspot,50000,2000000,1
INSERT,hotspot,50000,2000000,0,256-32-4-0.50,256,32,4,0.500000,2500000,2600000,0.139407,0.268887,0.560038,0.304008,0.153014,0.546747,4,0.969262,0.056850,24,0.55129,0.40177,0.69175,0.55050,0.67488,0.68838,0.09156,0.13787,0.48580,0.61678,0.37488,0.31464,0.42640,0.37661,0.42355,0.42583,0.04139,0.04922,0.34527,0.40448,1.461720,0.000000,3589712,4696752,20.05,32.80,0.000000,0.000000,0,0,0,0,0,0,1.978980e+06,5.053107e-07,0.764297,0,42,42,10,INSERT,hotspot,50000,2000000,1
