section,pattern,n,nops,param_set,label,segment_size,shortcuts_per_junction,max_skip_level,level_probability,local_interval,sub_interval,t_j,soft_pct,hard_pct,flagged_ratio_limit,min_seg_len_pct,max_suboptimal_segments,min_suboptimal_events_before_global,emergency_hard_segment_ratio,stop_crash_local_sub,block_size,jli_avg_us,jli_min_us,jli_max_us,jli_p50_us,jli_p95_us,jli_p99_us,jli_stddev_us,jli_jitter_us,jli_ci_lo_us,jli_ci_hi_us,sl_avg_us,sl_min_us,sl_max_us,sl_p50_us,sl_p95_us,sl_p99_us,sl_stddev_us,sl_jitter_us,sl_ci_lo_us,sl_ci_hi_us,ratio,win_rate,jli_mem_bytes,sl_mem_bytes,jli_steps_avg,jli_steps_p99,jli_dissolve_rate,jli_rebuild_rate,jli_local_scan,jli_sub_scan,jli_local_rebuild,jli_sub_rebuild,jli_global_rebuild,jli_rebuild_node_touches,jli_effective_cost,jli_efficiency,mem_ratio,repetition,seed,base_seed,repetitions_count,section2,pattern2,n2,nops2,eval_id
INSERT,adversarial,50000,2000000,0,1024-32-3-0.50,1024,32,3,0.500000,2500000,2600000,0.320106,0.296353,0.452642,0.399400,0.217527,0.396621,2,0.756478,0.069413,10,0.11197,0.09506,0.13219,0.11116,0.13127,0.13199,0.01094,0.02083,0.10788,0.11606,0.19715,0.17731,0.21454,0.19758,0.21011,0.21353,0.00945,0.01595,0.19363,0.20068,0.562604,1.000000,49216904,81995952,3.33,3.33,0.000000,0.000000,0,0,0,0,0,0,5.510822e+06,1.814611e-07,0.600236,0,45,45,30,INSERT,adversarial,50000,2000000,1
INSERT,adversarial,50000,2000000,0,1024-32-3-0.50,1024,32,3,0.500000,2500000,2600000,0.320106,0.296353,0.452642,0.399400,0.217527,0.396621,2,0.756478,0.069413,10,0.11398,0.09396,0.13459,0.11606,0.12655,0.13245,0.01026,0.01639,0.11015,0.11782,0.19272,0.16600,0.21089,0.19441,0.20982,0.21077,0.01128,0.01636,0.18851,0.19694,0.596996,1.000000,49216904,65595944,3.33,3.33,0.000000,0.000000,0,0,0,0,0,0,5.609967e+06,1.782542e-07,0.750304,0,45,45,30,INSERT,adversarial,50000,2000000,1
INSERT,adversarial,50000,2000000,0,8192-24-1-0.50,8192,24,1,0.500000,2500000,2600000,0.318602,0.178539,0.459105,0.327735,0.143966,0.501797,5,0.864102,0.061065,8,0.05264,0.05021,0.05345,0.05298,0.05338,0.05344,0.00096,0.00046,0.05195,0.05333,0.10569,0.10192,0.10806,0.10695,0.10787,0.10802,0.00244,0.00107,0.10394,0.10743,0.495360,1.000000,49202672,65583648,1.00,1.00,0.000000,0.000000,0,0,0,0,0,0,2.590109e+06,3.860841e-07,0.750228,0,45,45,10,INSERT,adversarial,50000,2000000,1
