section,pattern,n,nops,param_set,label,segment_size,shortcuts_per_junction,max_skip_level,level_probability,local_interval,sub_interval,t_j,soft_pct,hard_pct,flagged_ratio_limit,min_seg_len_pct,max_suboptimal_segments,min_suboptimal_events_before_global,emergency_hard_segment_ratio,stop_crash_local_sub,block_size,jli_avg_us,jli_min_us,jli_max_us,jli_p50_us,jli_p95_us,jli_p99_us,jli_stddev_us,jli_jitter_us,jli_ci_lo_us,jli_ci_hi_us,sl_avg_us,sl_min_us,sl_max_us,sl_p50_us,sl_p95_us,sl_p99_us,sl_stddev_us,sl_jitter_us,sl_ci_lo_us,sl_ci_hi_us,ratio,win_rate,jli_mem_bytes,sl_mem_bytes,jli_steps_avg,jli_steps_p99,jli_dissolve_rate,jli_rebuild_rate,jli_local_scan,jli_sub_scan,jli_local_rebuild,jli_sub_rebuild,jli_global_rebuild,jli_rebuild_node_touches,jli_effective_cost,jli_efficiency,mem_ratio,repetition,seed,base_seed,repetitions_count,section2,pattern2,n2,nops2,eval_id
INSERT,adversarial,50000,2000000,0,1024-32-3-0.50,1024,32,3,0.500000,2500000,2600000,0.320106,0.296353,0.452642,0.399400,0.217527,0.396621,2,0.756478,0.069413,10,0.15496,0.10527,0.17982,0.16140,0.17757,0.17943,0.02177,0.01804,0.14683,0.16309,0.26535,0.18709,0.31394,0.27003,0.29187,0.30756,0.02700,0.03753,0.25527,0.27543,0.597693,1.000000,49216896,81981120,3.33,3.33,0.000000,0.000000,0,0,0,0,0,0,7.626565e+06,1.311206e-07,0.600344,0,47,47,30,INSERT,adversarial,50000,2000000,1
INSERT,adversarial,50000,2000000,0,1024-32-3-0.50,1024,32,3,0.500000,2500000,2600000,0.320106,0.296353,0.452642,0.399400,0.217527,0.396621,2,0.756478,0.069413,10,0.11595,0.08707,0.15603,0.11348,0.13655,0.15065,0.01359,0.03717,0.11087,0.12102,0.19366,0.17184,0.21031,0.19421,0.20581,0.20917,0.00913,0.01496,0.19025,0.19707,0.584322,1.000000,49216896,65581112,3.33,3.33,0.000000,0.000000,0,0,0,0,0,0,5.706503e+06,1.752387e-07,0.750474,0,47,47,30,INSERT,adversarial,50000,2000000,1
INSERT,adversarial,50000,2000000,0,8192-24-1-0.50,8192,24,1,0.500000,2500000,2600000,0.318602,0.178539,0.459105,0.327735,0.143966,0.501797,5,0.864102,0.061065,8,0.05460,0.05321,0.05635,0.05437,0.05621,0.05632,0.00111,0.00195,0.05381,0.05539,0.10466,0.09998,0.11027,0.10446,0.10934,0.11009,0.00362,0.00562,0.10207,0.10725,0.520497,1.000000,49202672,65588080,1.00,1.00,0.000000,0.000000,0,0,0,0,0,0,2.686494e+06,3.722324e-07,0.750177,0,47,47,10,INSERT,adversarial,50000,2000000,1
