section,pattern,n,nops,param_set,label,segment_size,shortcuts_per_junction,max_skip_level,level_probability,local_interval,sub_interval,t_j,soft_pct,hard_pct,flagged_ratio_limit,min_seg_len_pct,max_suboptimal_segments,min_suboptimal_events_before_global,emergency_hard_segment_ratio,stop_crash_local_sub,block_size,jli_avg_us,jli_min_us,jli_max_us,jli_p50_us,jli_p95_us,jli_p99_us,jli_stddev_us,jli_jitter_us,jli_ci_lo_us,jli_ci_hi_us,sl_avg_us,sl_min_us,sl_max_us,sl_p50_us,sl_p95_us,sl_p99_us,sl_stddev_us,sl_jitter_us,sl_ci_lo_us,sl_ci_hi_us,ratio,win_rate,jli_mem_bytes,sl_mem_bytes,jli_steps_avg,jli_steps_p99,jli_dissolve_rate,jli_rebuild_rate,jli_local_scan,jli_sub_scan,jli_local_rebuild,jli_sub_rebuild,jli_global_rebuild,jli_rebuild_node_touches,jli_effective_cost,jli_efficiency,mem_ratio,repetition,seed,base_seed,repetitions_count,section2,pattern2,n2,nops2,eval_id
INSERT,sequential,50000,2000000,0,512-16-4-0.50,512,16,4,0.500000,900,1200,0.140898,0.278489,0.363143,0.234808,0.138289,0.692591,6,0.930044,0.078168,12,0.19179,0.17079,0.21377,0.19135,0.20845,0.21253,0.01057,0.02118,0.18785,0.19574,0.17187,0.15243,0.18564,0.17238,0.18501,0.18551,0.00857,0.01313,0.16867,0.17507,1.110013,0.100000,2441416,4014616,24.72,58.23,0.000000,0.000029,1650,1230,510,1230,0,3153180,4.682479e+05,2.135621e-06,0.608132,0,43,43,30,INSERT,sequential,50000,2000000,1
INSERT,sequential,50000,2000000,0,512-16-4-0.50,512,16,4,0.500000,900,1200,0.140898,0.278489,0.363143,0.234808,0.138289,0.692591,6,0.930044,0.078168,12,0.26155,0.17219,0.30154,0.27027,0.29041,0.29861,0.03544,0.02834,0.24832,0.27478,0.21239,0.15320,0.24456,0.21752,0.24061,0.24395,0.02269,0.02643,0.20392,0.22086,1.242508,0.033333,2441416,3214296,24.72,58.23,0.000000,0.000029,1650,1230,510,1230,0,3153180,6.385542e+05,1.566038e-06,0.759549,0,43,43,30,INSERT,sequential,50000,2000000,1
INSERT,sequential,50000,2000000,0,512-20-3-0.50,512,20,3,0.500000,1100,1200,0.333473,0.254385,0.374128,0.295578,0.249266,0.103974,6,0.968238,0.080881,16,0.09495,0.08918,0.10617,0.09295,0.10317,0.10557,0.00554,0.01262,0.09099,0.09891,0.08491,0.07802,0.09181,0.08533,0.09049,0.09155,0.00463,0.00621,0.08159,0.08822,1.089209,0.000000,2447600,3195256,22.89,55.60,0.000000,0.000021,420,410,0,410,0,938880,2.324055e+05,4.302825e-06,0.766011,0,43,43,10,INSERT,sequential,50000,2000000,1
