section,pattern,n,nops,param_set,label,segment_size,shortcuts_per_junction,max_skip_level,level_probability,local_interval,sub_interval,t_j,soft_pct,hard_pct,flagged_ratio_limit,min_seg_len_pct,max_suboptimal_segments,min_suboptimal_events_before_global,emergency_hard_segment_ratio,stop_crash_local_sub,block_size,jli_avg_us,jli_min_us,jli_max_us,jli_p50_us,jli_p95_us,jli_p99_us,jli_stddev_us,jli_jitter_us,jli_ci_lo_us,jli_ci_hi_us,sl_avg_us,sl_min_us,sl_max_us,sl_p50_us,sl_p95_us,sl_p99_us,sl_stddev_us,sl_jitter_us,sl_ci_lo_us,sl_ci_hi_us,ratio,win_rate,jli_mem_bytes,sl_mem_bytes,jli_steps_avg,jli_steps_p99,jli_dissolve_rate,jli_rebuild_rate,jli_local_scan,jli_sub_scan,jli_local_rebuild,jli_sub_rebuild,jli_global_rebuild,jli_rebuild_node_touches,jli_effective_cost,jli_efficiency,mem_ratio,repetition,seed,base_seed,repetitions_count,section2,pattern2,n2,nops2,eval_id
INSERT,sequential,50000,2000000,0,512-16-4-0.50,512,16,4,0.500000,900,1200,0.140898,0.278489,0.363143,0.234808,0.138289,0.692591,6,0.930044,0.078168,12,0.19013,0.16179,0.22073,0.18890,0.20738,0.21722,0.01267,0.02832,0.18540,0.19486,0.16928,0.15369,0.18629,0.16820,0.18272,0.18554,0.00902,0.01734,0.16591,0.17265,1.123072,0.033333,2441472,4004576,24.73,58.23,0.000000,0.000029,1650,1230,510,1230,0,3153180,4.641942e+05,2.154271e-06,0.609671,0,42,42,30,INSERT,sequential,50000,2000000,1
INSERT,sequential,50000,2000000,0,512-16-4-0.50,512,16,4,0.500000,900,1200,0.140898,0.278489,0.363143,0.234808,0.138289,0.692591,6,0.930044,0.078168,12,0.26121,0.17125,0.30280,0.26861,0.29820,0.30229,0.03173,0.03368,0.24936,0.27306,0.20989,0.13876,0.24625,0.21353,0.23479,0.24412,0.02355,0.03059,0.20110,0.21868,1.257947,0.033333,2441472,3204256,24.73,58.23,0.000000,0.000029,1650,1230,510,1230,0,3153180,6.377384e+05,1.568041e-06,0.761947,0,42,42,30,INSERT,sequential,50000,2000000,1
INSERT,sequential,50000,2000000,0,512-20-3-0.50,512,20,3,0.500000,1100,1200,0.333473,0.254385,0.374128,0.295578,0.249266,0.103974,6,0.968238,0.080881,16,0.10642,0.08625,0.15519,0.09359,0.15172,0.15450,0.02523,0.06091,0.08838,0.12447,0.08693,0.08252,0.09415,0.08652,0.09274,0.09387,0.00356,0.00735,0.08438,0.08947,1.081781,0.100000,2447608,3198952,22.98,55.60,0.000000,0.000021,420,410,0,410,0,938880,2.604808e+05,3.839055e-06,0.765128,0,42,42,10,INSERT,sequential,50000,2000000,1
