section,pattern,n,nops,param_set,label,segment_size,shortcuts_per_junction,max_skip_level,level_probability,local_interval,sub_interval,t_j,soft_pct,hard_pct,flagged_ratio_limit,min_seg_len_pct,max_suboptimal_segments,min_suboptimal_events_before_global,emergency_hard_segment_ratio,stop_crash_local_sub,block_size,jli_avg_us,jli_min_us,jli_max_us,jli_p50_us,jli_p95_us,jli_p99_us,jli_stddev_us,jli_jitter_us,jli_ci_lo_us,jli_ci_hi_us,sl_avg_us,sl_min_us,sl_max_us,sl_p50_us,sl_p95_us,sl_p99_us,sl_stddev_us,sl_jitter_us,sl_ci_lo_us,sl_ci_hi_us,ratio,win_rate,jli_mem_bytes,sl_mem_bytes,jli_steps_avg,jli_steps_p99,jli_dissolve_rate,jli_rebuild_rate,jli_local_scan,jli_sub_scan,jli_local_rebuild,jli_sub_rebuild,jli_global_rebuild,jli_rebuild_node_touches,jli_effective_cost,jli_efficiency,mem_ratio,repetition,seed,base_seed,repetitions_count,section2,pattern2,n2,nops2,eval_id
INSERT,sequential,50000,2000000,0,512-16-4-0.50,512,16,4,0.500000,900,1200,0.140898,0.278489,0.363143,0.234808,0.138289,0.692591,6,0.930044,0.078168,12,0.18500,0.16397,0.20413,0.18430,0.20322,0.20409,0.01162,0.01979,0.18066,0.18933,0.16534,0.15683,0.17777,0.16472,0.17553,0.17744,0.00564,0.01272,0.16323,0.16744,1.118846,0.133333,2441424,4004288,24.67,58.20,0.000000,0.000029,1650,1230,510,1230,0,3153180,4.516515e+05,2.214096e-06,0.609702,0,44,44,30,INSERT,sequential,50000,2000000,1
INSERT,sequential,50000,2000000,0,512-16-4-0.50,512,16,4,0.500000,900,1200,0.140898,0.278489,0.363143,0.234808,0.138289,0.692591,6,0.930044,0.078168,12,0.24854,0.16893,0.31341,0.25269,0.30405,0.31289,0.03622,0.06021,0.23502,0.26206,0.20263,0.14783,0.23284,0.20423,0.22851,0.23281,0.01934,0.02858,0.19541,0.20985,1.237272,0.033333,2441424,3203968,24.67,58.20,0.000000,0.000029,1650,1230,510,1230,0,3153180,6.067936e+05,1.648007e-06,0.762000,0,44,44,30,INSERT,sequential,50000,2000000,1
INSERT,sequential,50000,2000000,0,512-20-3-0.50,512,20,3,0.500000,1100,1200,0.333473,0.254385,0.374128,0.295578,0.249266,0.103974,6,0.968238,0.080881,16,0.09504,0.09084,0.10434,0.09410,0.10113,0.10370,0.00395,0.00960,0.09222,0.09786,0.08735,0.08067,0.09106,0.08791,0.09085,0.09102,0.00322,0.00311,0.08505,0.08965,1.070368,0.000000,2447608,3205384,23.08,55.80,0.000000,0.000021,420,410,0,410,0,938880,2.326214e+05,4.298831e-06,0.763593,0,44,44,10,INSERT,sequential,50000,2000000,1
