section,pattern,n,nops,param_set,label,segment_size,shortcuts_per_junction,max_skip_level,level_probability,local_interval,sub_interval,t_j,soft_pct,hard_pct,flagged_ratio_limit,min_seg_len_pct,max_suboptimal_segments,min_suboptimal_events_before_global,emergency_hard_segment_ratio,stop_crash_local_sub,block_size,jli_avg_us,jli_min_us,jli_max_us,jli_p50_us,jli_p95_us,jli_p99_us,jli_stddev_us,jli_jitter_us,jli_ci_lo_us,jli_ci_hi_us,sl_avg_us,sl_min_us,sl_max_us,sl_p50_us,sl_p95_us,sl_p99_us,sl_stddev_us,sl_jitter_us,sl_ci_lo_us,sl_ci_hi_us,ratio,win_rate,jli_mem_bytes,sl_mem_bytes,jli_steps_avg,jli_steps_p99,jli_dissolve_rate,jli_rebuild_rate,jli_local_scan,jli_sub_scan,jli_local_rebuild,jli_sub_rebuild,jli_global_rebuild,jli_rebuild_node_touches,jli_effective_cost,jli_efficiency,mem_ratio,repetition,seed,base_seed,repetitions_count,section2,pattern2,n2,nops2,eval_id
INSERT,hotspot,50000,2000000,0,256-32-4-0.50,256,32,4,0.500000,1200,1400,0.131035,0.290873,0.532200,0.352281,0.141905,0.340356,5,0.750369,0.037868,20,0.52743,0.49533,0.56811,0.52972,0.55168,0.56345,0.01760,0.03373,0.52086,0.53400,0.43319,0.41441,0.47021,0.43267,0.45488,0.46704,0.01342,0.03437,0.42818,0.43820,1.224311,0.000000,3722712,5879288,17.40,32.33,0.000000,0.000026,2082,2070,72,1402,90,8495878,1.963478e+06,5.093003e-07,0.633191,0,45,45,30,INSERT,hotspot,50000,2000000,1
INSERT,hotspot,50000,2000000,0,256-32-4-0.50,256,32,4,0.500000,1200,1400,0.131035,0.290873,0.532200,0.352281,0.141905,0.340356,5,0.750369,0.037868,20,0.70853,0.47255,0.77326,0.71886,0.76694,0.77212,0.06564,0.05325,0.68402,0.73304,0.55753,0.39066,0.63146,0.56451,0.60662,0.62591,0.04116,0.06140,0.54216,0.57290,1.273429,0.033333,3722712,4703704,17.40,32.33,0.000000,0.000026,2082,2070,72,1402,90,8495878,2.637659e+06,3.791241e-07,0.791443,0,45,45,30,INSERT,hotspot,50000,2000000,1
INSERT,hotspot,50000,2000000,0,256-32-4-0.50,256,32,4,0.500000,1300,2000,0.139407,0.268887,0.560038,0.304008,0.153014,0.546747,4,0.969262,0.056850,24,0.41021,0.33505,0.56272,0.38469,0.53607,0.55739,0.06992,0.17270,0.36019,0.46022,0.30917,0.25430,0.45246,0.29291,0.40362,0.44269,0.06446,0.14978,0.26306,0.35528,1.313311,0.100000,3727680,4696400,22.62,34.90,0.000000,0.000028,703,480,107,460,0,4651464,1.529115e+06,6.539732e-07,0.793731,0,45,45,10,INSERT,hotspot,50000,2000000,1
