section,pattern,n,nops,param_set,label,segment_size,shortcuts_per_junction,max_skip_level,level_probability,local_interval,sub_interval,t_j,soft_pct,hard_pct,flagged_ratio_limit,min_seg_len_pct,max_suboptimal_segments,min_suboptimal_events_before_global,emergency_hard_segment_ratio,stop_crash_local_sub,block_size,jli_avg_us,jli_min_us,jli_max_us,jli_p50_us,jli_p95_us,jli_p99_us,jli_stddev_us,jli_jitter_us,jli_ci_lo_us,jli_ci_hi_us,sl_avg_us,sl_min_us,sl_max_us,sl_p50_us,sl_p95_us,sl_p99_us,sl_stddev_us,sl_jitter_us,sl_ci_lo_us,sl_ci_hi_us,ratio,win_rate,jli_mem_bytes,sl_mem_bytes,jli_steps_avg,jli_steps_p99,jli_dissolve_rate,jli_rebuild_rate,jli_local_scan,jli_sub_scan,jli_local_rebuild,jli_sub_rebuild,jli_global_rebuild,jli_rebuild_node_touches,jli_effective_cost,jli_efficiency,mem_ratio,repetition,seed,base_seed,repetitions_count,section2,pattern2,n2,nops2,eval_id
INSERT,hotspot,50000,2000000,0,256-32-4-0.50,256,32,4,0.500000,1200,1400,0.131035,0.290873,0.532200,0.352281,0.141905,0.340356,5,0.750369,0.037868,20,0.52658,0.48671,0.59759,0.52321,0.56592,0.58998,0.02653,0.06677,0.51667,0.53649,0.43506,0.39637,0.52292,0.42340,0.48633,0.51275,0.02878,0.08935,0.42432,0.44580,1.235746,0.000000,3713304,5870920,17.59,33.50,0.000000,0.000027,2083,2070,101,1406,90,8426672,1.955352e+06,5.114169e-07,0.632491,0,42,42,30,INSERT,hotspot,50000,2000000,1
INSERT,hotspot,50000,2000000,0,256-32-4-0.50,256,32,4,0.500000,1200,1400,0.131035,0.290873,0.532200,0.352281,0.141905,0.340356,5,0.750369,0.037868,20,0.70638,0.46818,0.82585,0.72343,0.79255,0.81753,0.07379,0.09410,0.67882,0.73393,0.54495,0.38705,0.59368,0.55008,0.58887,0.59258,0.03971,0.04250,0.53012,0.55977,1.315131,0.033333,3713304,4696760,17.59,33.50,0.000000,0.000027,2083,2070,101,1406,90,8426672,2.622990e+06,3.812444e-07,0.790610,0,42,42,30,INSERT,hotspot,50000,2000000,1
INSERT,hotspot,50000,2000000,0,256-32-4-0.50,256,32,4,0.500000,1300,2000,0.139407,0.268887,0.560038,0.304008,0.153014,0.546747,4,0.969262,0.056850,24,0.42522,0.30445,0.50645,0.44765,0.49799,0.50475,0.07083,0.05711,0.37455,0.47589,0.30726,0.21022,0.35964,0.32211,0.35562,0.35884,0.04804,0.03673,0.27290,0.34162,1.389745,0.100000,3725480,4696752,22.82,34.80,0.000000,0.000027,704,480,82,464,0,4540802,1.584139e+06,6.312578e-07,0.793203,0,42,42,10,INSERT,hotspot,50000,2000000,1
