section,pattern,n,nops,param_set,label,segment_size,shortcuts_per_junction,max_skip_level,level_probability,local_interval,sub_interval,t_j,soft_pct,hard_pct,flagged_ratio_limit,min_seg_len_pct,max_suboptimal_segments,min_suboptimal_events_before_global,emergency_hard_segment_ratio,stop_crash_local_sub,block_size,jli_avg_us,jli_min_us,jli_max_us,jli_p50_us,jli_p95_us,jli_p99_us,jli_stddev_us,jli_jitter_us,jli_ci_lo_us,jli_ci_hi_us,sl_avg_us,sl_min_us,sl_max_us,sl_p50_us,sl_p95_us,sl_p99_us,sl_stddev_us,sl_jitter_us,sl_ci_lo_us,sl_ci_hi_us,ratio,win_rate,jli_mem_bytes,sl_mem_bytes,jli_steps_avg,jli_steps_p99,jli_dissolve_rate,jli_rebuild_rate,jli_local_scan,jli_sub_scan,jli_local_rebuild,jli_sub_rebuild,jli_global_rebuild,jli_rebuild_node_touches,jli_effective_cost,jli_efficiency,mem_ratio,repetition,seed,base_seed,repetitions_count,section2,pattern2,n2,nops2,eval_id
INSERT,hotspot,50000,2000000,0,256-32-4-0.50,256,32,4,0.500000,1200,1400,0.131035,0.290873,0.532200,0.352281,0.141905,0.340356,5,0.750369,0.037868,20,0.52384,0.48901,0.58660,0.52004,0.55250,0.57815,0.01939,0.05811,0.51661,0.53108,0.43598,0.40734,0.45854,0.43605,0.45472,0.45761,0.01223,0.02156,0.43141,0.44055,1.192631,0.000000,3732248,5870688,17.10,31.90,0.000000,0.000026,2086,2070,94,1402,90,8074175,1.955116e+06,5.114786e-07,0.635743,0,46,46,30,INSERT,hotspot,50000,2000000,1
INSERT,hotspot,50000,2000000,0,256-32-4-0.50,256,32,4,0.500000,1200,1400,0.131035,0.290873,0.532200,0.352281,0.141905,0.340356,5,0.750369,0.037868,20,0.60335,0.49947,0.75073,0.55641,0.73497,0.74663,0.09093,0.19022,0.56940,0.63730,0.48119,0.40283,0.58163,0.44817,0.57808,0.58090,0.06510,0.13273,0.45688,0.50549,1.241515,0.033333,3732248,4695536,17.10,31.90,0.000000,0.000026,2086,2070,94,1402,90,8074175,2.251866e+06,4.440761e-07,0.794850,0,46,46,30,INSERT,hotspot,50000,2000000,1
INSERT,hotspot,50000,2000000,0,256-32-4-0.50,256,32,4,0.500000,1300,2000,0.139407,0.268887,0.560038,0.304008,0.153014,0.546747,4,0.969262,0.056850,24,0.40625,0.33358,0.57787,0.38411,0.53786,0.56987,0.07700,0.18577,0.35117,0.46133,0.27595,0.24166,0.34561,0.26107,0.33382,0.34325,0.03466,0.08218,0.25115,0.30074,1.471261,0.000000,3726688,4695024,22.78,35.50,0.000000,0.000027,705,480,84,465,0,4579816,1.513969e+06,6.605154e-07,0.793753,0,46,46,10,INSERT,hotspot,50000,2000000,1
