section,pattern,n,nops,param_set,label,segment_size,shortcuts_per_junction,max_skip_level,level_probability,local_interval,sub_interval,t_j,soft_pct,hard_pct,flagged_ratio_limit,min_seg_len_pct,max_suboptimal_segments,min_suboptimal_events_before_global,emergency_hard_segment_ratio,stop_crash_local_sub,block_size,jli_avg_us,jli_min_us,jli_max_us,jli_p50_us,jli_p95_us,jli_p99_us,jli_stddev_us,jli_jitter_us,jli_ci_lo_us,jli_ci_hi_us,sl_avg_us,sl_min_us,sl_max_us,sl_p50_us,sl_p95_us,sl_p99_us,sl_stddev_us,sl_jitter_us,sl_ci_lo_us,sl_ci_hi_us,ratio,win_rate,jli_mem_bytes,sl_mem_bytes,jli_steps_avg,jli_steps_p99,jli_dissolve_rate,jli_rebuild_rate,jli_local_scan,jli_sub_scan,jli_local_rebuild,jli_sub_rebuild,jli_global_rebuild,jli_rebuild_node_touches,jli_effective_cost,jli_efficiency,mem_ratio,repetition,seed,base_seed,repetitions_count,section2,pattern2,n2,nops2,eval_id
INSERT,hotspot,50000,2000000,0,256-32-4-0.50,256,32,4,0.500000,1200,1400,0.131035,0.290873,0.532200,0.352281,0.141905,0.340356,5,0.750369,0.037868,20,0.52156,0.48617,0.56453,0.52038,0.54516,0.55922,0.01724,0.03884,0.51512,0.52799,0.42754,0.40567,0.44726,0.42588,0.44652,0.44706,0.00992,0.02119,0.42384,0.43124,1.221890,0.000000,3715752,5879704,17.20,32.40,0.000000,0.000026,2083,2070,93,1392,90,8037461,1.937977e+06,5.160020e-07,0.631962,0,44,44,30,INSERT,hotspot,50000,2000000,1
INSERT,hotspot,50000,2000000,0,256-32-4-0.50,256,32,4,0.500000,1200,1400,0.131035,0.290873,0.532200,0.352281,0.141905,0.340356,5,0.750369,0.037868,20,0.68987,0.50387,0.83083,0.70215,0.79693,0.82263,0.08045,0.12048,0.65984,0.71991,0.53553,0.39209,0.61885,0.54731,0.60677,0.61766,0.06010,0.07035,0.51309,0.55797,1.282908,0.033333,3715752,4704760,17.20,32.40,0.000000,0.000026,2083,2070,93,1392,90,8037461,2.563400e+06,3.901069e-07,0.789786,0,44,44,30,INSERT,hotspot,50000,2000000,1
INSERT,hotspot,50000,2000000,0,256-32-4-0.50,256,32,4,0.500000,1300,2000,0.139407,0.268887,0.560038,0.304008,0.153014,0.546747,4,0.969262,0.056850,24,0.47287,0.42192,0.54637,0.47165,0.53607,0.54431,0.03991,0.07266,0.44433,0.50142,0.32662,0.30648,0.35867,0.32543,0.35034,0.35701,0.01530,0.03158,0.31567,0.33757,1.449305,0.000000,3725712,4697104,22.59,34.70,0.000000,0.000027,705,480,75,461,0,4534463,1.761792e+06,5.676040e-07,0.793193,0,44,44,10,INSERT,hotspot,50000,2000000,1
