section,pattern,n,nops,param_set,label,segment_size,shortcuts_per_junction,max_skip_level,level_probability,local_interval,sub_interval,t_j,soft_pct,hard_pct,flagged_ratio_limit,min_seg_len_pct,max_suboptimal_segments,min_suboptimal_events_before_global,emergency_hard_segment_ratio,stop_crash_local_sub,block_size,jli_avg_us,jli_min_us,jli_max_us,jli_p50_us,jli_p95_us,jli_p99_us,jli_stddev_us,jli_jitter_us,jli_ci_lo_us,jli_ci_hi_us,sl_avg_us,sl_min_us,sl_max_us,sl_p50_us,sl_p95_us,sl_p99_us,sl_stddev_us,sl_jitter_us,sl_ci_lo_us,sl_ci_hi_us,ratio,win_rate,jli_mem_bytes,sl_mem_bytes,jli_steps_avg,jli_steps_p99,jli_dissolve_rate,jli_rebuild_rate,jli_local_scan,jli_sub_scan,jli_local_rebuild,jli_sub_rebuild,jli_global_rebuild,jli_rebuild_node_touches,jli_effective_cost,jli_efficiency,mem_ratio,repetition,seed,base_seed,repetitions_count,section2,pattern2,n2,nops2,eval_id
INSERT,hotspot,50000,2000000,0,256-32-4-0.50,256,32,4,0.500000,1200,1400,0.131035,0.290873,0.532200,0.352281,0.141905,0.340356,5,0.750369,0.037868,20,0.54012,0.49063,0.70435,0.53235,0.61179,0.68567,0.04301,0.15331,0.52407,0.55618,0.43737,0.39885,0.64573,0.43049,0.46255,0.59299,0.04284,0.16249,0.42138,0.45337,1.236617,0.033333,3713344,5888648,17.86,33.37,0.000000,0.000027,2080,2070,96,1424,90,8394530,2.005663e+06,4.985883e-07,0.630594,0,43,43,30,INSERT,hotspot,50000,2000000,1
INSERT,hotspot,50000,2000000,0,256-32-4-0.50,256,32,4,0.500000,1200,1400,0.131035,0.290873,0.532200,0.352281,0.141905,0.340356,5,0.750369,0.037868,20,0.61869,0.51090,0.76851,0.57419,0.75679,0.76731,0.09302,0.19312,0.58397,0.65342,0.47958,0.39547,0.59904,0.43223,0.59397,0.59818,0.07385,0.16594,0.45200,0.50715,1.328429,0.000000,3713344,4713632,17.86,33.37,0.000000,0.000027,2080,2070,96,1424,90,8394530,2.297425e+06,4.352700e-07,0.787788,0,43,43,30,INSERT,hotspot,50000,2000000,1
INSERT,hotspot,50000,2000000,0,256-32-4-0.50,256,32,4,0.500000,1300,2000,0.139407,0.268887,0.560038,0.304008,0.153014,0.546747,4,0.969262,0.056850,24,0.50440,0.41245,0.79927,0.46994,0.70396,0.78021,0.11471,0.31027,0.42235,0.58645,0.34666,0.29297,0.42006,0.33550,0.40567,0.41718,0.03914,0.08168,0.31867,0.37466,1.400735,0.000000,3722496,4690080,22.28,33.60,0.000000,0.000028,701,480,92,458,0,4646984,1.877630e+06,5.325862e-07,0.793696,0,43,43,10,INSERT,hotspot,50000,2000000,1
