section,pattern,n,nops,param_set,label,segment_size,shortcuts_per_junction,max_skip_level,level_probability,local_interval,sub_interval,t_j,soft_pct,hard_pct,flagged_ratio_limit,min_seg_len_pct,max_suboptimal_segments,min_suboptimal_events_before_global,emergency_hard_segment_ratio,stop_crash_local_sub,block_size,jli_avg_us,jli_min_us,jli_max_us,jli_p50_us,jli_p95_us,jli_p99_us,jli_stddev_us,jli_jitter_us,jli_ci_lo_us,jli_ci_hi_us,sl_avg_us,sl_min_us,sl_max_us,sl_p50_us,sl_p95_us,sl_p99_us,sl_stddev_us,sl_jitter_us,sl_ci_lo_us,sl_ci_hi_us,ratio,win_rate,jli_mem_bytes,sl_mem_bytes,jli_steps_avg,jli_steps_p99,jli_dissolve_rate,jli_rebuild_rate,jli_local_scan,jli_sub_scan,jli_local_rebuild,jli_sub_rebuild,jli_global_rebuild,jli_rebuild_node_touches,jli_effective_cost,jli_efficiency,mem_ratio,repetition,seed,base_seed,repetitions_count,section2,pattern2,n2,nops2,eval_id
INSERT,sequential,50000,2000000,0,512-16-4-0.50,512,16,4,0.500000,2500000,2600000,0.140898,0.278489,0.363143,0.234808,0.138289,0.692591,6,0.930044,0.078168,12,0.21069,0.18793,0.22815,0.20926,0.22303,0.22672,0.00958,0.01746,0.20712,0.21427,0.17013,0.15748,0.18267,0.16993,0.17816,0.18156,0.00645,0.01164,0.16772,0.17253,1.231473,0.000000,2421520,3998856,38.19,70.13,0.000000,0.000000,0,0,0,0,0,0,5.101975e+05,1.960025e-06,0.605553,0,46,46,30,INSERT,sequential,50000,2000000,1
INSERT,sequential,50000,2000000,0,512-16-4-0.50,512,16,4,0.500000,2500000,2600000,0.140898,0.278489,0.363143,0.234808,0.138289,0.692591,6,0.930044,0.078168,12,0.30081,0.19281,0.34650,0.31196,0.33656,0.34406,0.04226,0.03210,0.28503,0.31659,0.21768,0.14434,0.23850,0.22462,0.23527,0.23786,0.02349,0.01325,0.20891,0.22645,1.388853,0.033333,2421520,3198536,38.19,70.13,0.000000,0.000000,0,0,0,0,0,0,7.284203e+05,1.372834e-06,0.757071,0,46,46,30,INSERT,sequential,50000,2000000,1
INSERT,sequential,50000,2000000,0,512-20-3-0.50,512,20,3,0.500000,2500000,2600000,0.333473,0.254385,0.374128,0.295578,0.249266,0.103974,6,0.968238,0.080881,16,0.16955,0.12438,0.25924,0.16956,0.23166,0.25372,0.04146,0.08416,0.13989,0.19921,0.12756,0.10309,0.15062,0.12762,0.14915,0.15033,0.01643,0.02271,0.11581,0.13932,1.328636,0.100000,2424640,3197616,34.45,70.10,0.000000,0.000000,0,0,0,0,0,0,4.110946e+05,2.432530e-06,0.758265,0,46,46,10,INSERT,sequential,50000,2000000,1
