section,pattern,n,nops,param_set,label,segment_size,shortcuts_per_junction,max_skip_level,level_probability,local_interval,sub_interval,t_j,soft_pct,hard_pct,flagged_ratio_limit,min_seg_len_pct,max_suboptimal_segments,min_suboptimal_events_before_global,emergency_hard_segment_ratio,stop_crash_local_sub,block_size,jli_avg_us,jli_min_us,jli_max_us,jli_p50_us,jli_p95_us,jli_p99_us,jli_stddev_us,jli_jitter_us,jli_ci_lo_us,jli_ci_hi_us,sl_avg_us,sl_min_us,sl_max_us,sl_p50_us,sl_p95_us,sl_p99_us,sl_stddev_us,sl_jitter_us,sl_ci_lo_us,sl_ci_hi_us,ratio,win_rate,jli_mem_bytes,sl_mem_bytes,jli_steps_avg,jli_steps_p99,jli_dissolve_rate,jli_rebuild_rate,jli_local_scan,jli_sub_scan,jli_local_rebuild,jli_sub_rebuild,jli_global_rebuild,jli_rebuild_node_touches,jli_effective_cost,jli_efficiency,mem_ratio,repetition,seed,base_seed,repetitions_count,section2,pattern2,n2,nops2,eval_id
INSERT,sequential,50000,2000000,0,512-16-4-0.50,512,16,4,0.500000,2500000,2600000,0.140898,0.278489,0.363143,0.234808,0.138289,0.692591,6,0.930044,0.078168,12,0.20805,0.18923,0.24804,0.20810,0.22119,0.24048,0.01175,0.03237,0.20366,0.21244,0.16930,0.14956,0.18216,0.17064,0.18060,0.18212,0.00825,0.01149,0.16622,0.17238,1.219579,0.000000,2421536,3999840,38.16,70.10,0.000000,0.000000,0,0,0,0,0,0,5.038019e+05,1.984907e-06,0.605408,0,47,47,30,INSERT,sequential,50000,2000000,1
INSERT,sequential,50000,2000000,0,512-16-4-0.50,512,16,4,0.500000,2500000,2600000,0.140898,0.278489,0.363143,0.234808,0.138289,0.692591,6,0.930044,0.078168,12,0.28156,0.18752,0.32438,0.29500,0.32178,0.32363,0.03870,0.02863,0.26711,0.29601,0.21357,0.15782,0.24881,0.21775,0.23530,0.24616,0.02110,0.02841,0.20569,0.22145,1.354765,0.033333,2421536,3199520,38.16,70.10,0.000000,0.000000,0,0,0,0,0,0,6.818052e+05,1.466695e-06,0.756844,0,47,47,30,INSERT,sequential,50000,2000000,1
INSERT,sequential,50000,2000000,0,512-20-3-0.50,512,20,3,0.500000,2500000,2600000,0.333473,0.254385,0.374128,0.295578,0.249266,0.103974,6,0.968238,0.080881,16,0.15010,0.12810,0.16907,0.15739,0.16693,0.16864,0.01648,0.01125,0.13831,0.16189,0.12477,0.10269,0.13638,0.12941,0.13550,0.13620,0.01145,0.00679,0.11659,0.13296,1.216215,0.100000,2424672,3196000,34.38,70.00,0.000000,0.000000,0,0,0,0,0,0,3.639472e+05,2.747651e-06,0.758658,0,47,47,10,INSERT,sequential,50000,2000000,1
