section,pattern,n,nops,param_set,label,segment_size,shortcuts_per_junction,max_skip_level,level_probability,local_interval,sub_interval,t_j,soft_pct,hard_pct,flagged_ratio_limit,min_seg_len_pct,max_suboptimal_segments,min_suboptimal_events_before_global,emergency_hard_segment_ratio,stop_crash_local_sub,block_size,jli_avg_us,jli_min_us,jli_max_us,jli_p50_us,jli_p95_us,jli_p99_us,jli_stddev_us,jli_jitter_us,jli_ci_lo_us,jli_ci_hi_us,sl_avg_us,sl_min_us,sl_max_us,sl_p50_us,sl_p95_us,sl_p99_us,sl_stddev_us,sl_jitter_us,sl_ci_lo_us,sl_ci_hi_us,ratio,win_rate,jli_mem_bytes,sl_mem_bytes,jli_steps_avg,jli_steps_p99,jli_dissolve_rate,jli_rebuild_rate,jli_local_scan,jli_sub_scan,jli_local_rebuild,jli_sub_rebuild,jli_global_rebuild,jli_rebuild_node_touches,jli_effective_cost,jli_efficiency,mem_ratio,repetition,seed,base_seed,repetitions_count,section2,pattern2,n2,nops2,eval_id
INSERT,sequential,50000,2000000,0,512-16-4-0.50,512,16,4,0.500000,2500000,2600000,0.140898,0.278489,0.363143,0.234808,0.138289,0.692591,6,0.930044,0.078168,12,0.21659,0.19185,0.32633,0.20563,0.30844,0.32124,0.03411,0.11561,0.20385,0.22933,0.17876,0.15963,0.25083,0.17324,0.24560,0.25004,0.02434,0.07680,0.16968,0.18785,1.186945,0.033333,2421544,4014616,38.15,70.10,0.000000,0.000000,0,0,0,0,0,0,5.244810e+05,1.906647e-06,0.603182,0,43,43,30,INSERT,sequential,50000,2000000,1
INSERT,sequential,50000,2000000,0,512-16-4-0.50,512,16,4,0.500000,2500000,2600000,0.140898,0.278489,0.363143,0.234808,0.138289,0.692591,6,0.930044,0.078168,12,0.25092,0.17654,0.31693,0.24603,0.31080,0.31544,0.04594,0.06941,0.23377,0.26807,0.18682,0.14395,0.23969,0.17529,0.22717,0.23685,0.02942,0.06156,0.17583,0.19780,1.403547,0.033333,2421544,3214296,38.15,70.10,0.000000,0.000000,0,0,0,0,0,0,6.076120e+05,1.645787e-06,0.753367,0,43,43,30,INSERT,sequential,50000,2000000,1
INSERT,sequential,50000,2000000,0,512-20-3-0.50,512,20,3,0.500000,2500000,2600000,0.333473,0.254385,0.374128,0.295578,0.249266,0.103974,6,0.968238,0.080881,16,0.17941,0.12629,0.22309,0.18341,0.21711,0.22189,0.03119,0.03849,0.15709,0.20172,0.16345,0.11029,0.27568,0.14448,0.25632,0.27181,0.05109,0.12732,0.12690,0.19999,1.269378,0.300000,2424696,3195256,34.40,70.00,0.000000,0.000000,0,0,0,0,0,0,4.350061e+05,2.298818e-06,0.758842,0,43,43,10,INSERT,sequential,50000,2000000,1
