section,pattern,n,nops,param_set,label,segment_size,shortcuts_per_junction,max_skip_level,level_probability,local_interval,sub_interval,t_j,soft_pct,hard_pct,flagged_ratio_limit,min_seg_len_pct,max_suboptimal_segments,min_suboptimal_events_before_global,emergency_hard_segment_ratio,stop_crash_local_sub,block_size,jli_avg_us,jli_min_us,jli_max_us,jli_p50_us,jli_p95_us,jli_p99_us,jli_stddev_us,jli_jitter_us,jli_ci_lo_us,jli_ci_hi_us,sl_avg_us,sl_min_us,sl_max_us,sl_p50_us,sl_p95_us,sl_p99_us,sl_stddev_us,sl_jitter_us,sl_ci_lo_us,sl_ci_hi_us,ratio,win_rate,jli_mem_bytes,sl_mem_bytes,jli_steps_avg,jli_steps_p99,jli_dissolve_rate,jli_rebuild_rate,jli_local_scan,jli_sub_scan,jli_local_rebuild,jli_sub_rebuild,jli_global_rebuild,jli_rebuild_node_touches,jli_effective_cost,jli_efficiency,mem_ratio,repetition,seed,base_seed,repetitions_count,section2,pattern2,n2,nops2,eval_id
INSERT,sequential,50000,2000000,0,512-16-4-0.50,512,16,4,0.500000,2500000,2600000,0.140898,0.278489,0.363143,0.234808,0.138289,0.692591,6,0.930044,0.078168,12,0.20580,0.18517,0.23902,0.20298,0.22701,0.23607,0.01296,0.03309,0.20096,0.21064,0.16930,0.15161,0.18442,0.16967,0.17855,0.18283,0.00751,0.01316,0.16650,0.17211,1.196311,0.000000,2421488,4004576,38.16,70.10,0.000000,0.000000,0,0,0,0,0,0,4.983485e+05,2.006628e-06,0.604680,0,42,42,30,INSERT,sequential,50000,2000000,1
INSERT,sequential,50000,2000000,0,512-16-4-0.50,512,16,4,0.500000,2500000,2600000,0.140898,0.278489,0.363143,0.234808,0.138289,0.692591,6,0.930044,0.078168,12,0.28509,0.19265,0.32449,0.29919,0.31783,0.32386,0.03660,0.02467,0.27143,0.29876,0.21166,0.14741,0.23404,0.21812,0.23025,0.23335,0.02027,0.01523,0.20409,0.21923,1.371706,0.033333,2421488,3204256,38.16,70.10,0.000000,0.000000,0,0,0,0,0,0,6.903445e+05,1.448552e-06,0.755710,0,42,42,30,INSERT,sequential,50000,2000000,1
INSERT,sequential,50000,2000000,0,512-20-3-0.50,512,20,3,0.500000,2500000,2600000,0.333473,0.254385,0.374128,0.295578,0.249266,0.103974,6,0.968238,0.080881,16,0.16162,0.11749,0.26930,0.15517,0.22420,0.26028,0.04126,0.10510,0.13210,0.19113,0.12730,0.09390,0.20763,0.10882,0.19124,0.20435,0.03753,0.09553,0.10046,0.15415,1.425915,0.200000,2424648,3198952,34.48,70.10,0.000000,0.000000,0,0,0,0,0,0,3.918608e+05,2.551926e-06,0.757951,0,42,42,10,INSERT,sequential,50000,2000000,1
