section,pattern,n,nops,param_set,label,segment_size,shortcuts_per_junction,max_skip_level,level_probability,local_interval,sub_interval,t_j,soft_pct,hard_pct,flagged_ratio_limit,min_seg_len_pct,max_suboptimal_segments,min_suboptimal_events_before_global,emergency_hard_segment_ratio,stop_crash_local_sub,block_size,jli_avg_us,jli_min_us,jli_max_us,jli_p50_us,jli_p95_us,jli_p99_us,jli_stddev_us,jli_jitter_us,jli_ci_lo_us,jli_ci_hi_us,sl_avg_us,sl_min_us,sl_max_us,sl_p50_us,sl_p95_us,sl_p99_us,sl_stddev_us,sl_jitter_us,sl_ci_lo_us,sl_ci_hi_us,ratio,win_rate,jli_mem_bytes,sl_mem_bytes,jli_steps_avg,jli_steps_p99,jli_dissolve_rate,jli_rebuild_rate,jli_local_scan,jli_sub_scan,jli_local_rebuild,jli_sub_rebuild,jli_global_rebuild,jli_rebuild_node_touches,jli_effective_cost,jli_efficiency,mem_ratio,repetition,seed,base_seed,repetitions_count,section2,pattern2,n2,nops2,eval_id
INSERT,random,50000,2000000,0,256-32-4-0.50,256,32,4,0.500000,1400,1800,0.137683,0.323645,0.481751,0.279888,0.140860,0.539441,4,0.942945,0.065921,24,0.86471,0.74494,1.13522,0.82955,1.10000,1.12588,0.10451,0.29633,0.82569,0.90373,0.76962,0.65820,0.98151,0.76379,0.92280,0.97006,0.08175,0.20627,0.73909,0.80014,1.086092,0.033333,3795352,6014368,19.64,33.40,0.000000,0.000031,1914,1650,243,1584,6,14557672,3.281875e+06,3.047039e-07,0.631048,0,43,43,30,INSERT,random,50000,2000000,1
INSERT,random,50000,2000000,0,256-32-4-0.50,256,32,4,0.500000,1400,1800,0.137683,0.323645,0.481751,0.279888,0.140860,0.539441,4,0.942945,0.065921,24,1.06171,0.94441,1.46406,1.06337,1.18514,1.38650,0.10209,0.32313,1.02360,1.09983,0.87320,0.77529,0.98814,0.86506,0.98164,0.98696,0.06236,0.12189,0.84992,0.89649,1.229241,0.000000,3795352,4813984,19.64,33.40,0.000000,0.000031,1914,1650,243,1584,6,14557672,4.029569e+06,2.481655e-07,0.788401,0,43,43,30,INSERT,random,50000,2000000,1
INSERT,random,50000,2000000,0,256-32-5-0.50,256,32,5,0.500000,900,1600,0.143873,0.275017,0.468214,0.252574,0.145391,0.663793,2,0.840693,0.053623,12,0.44057,0.39712,0.52733,0.43136,0.51760,0.52538,0.04367,0.09402,0.40933,0.47181,0.37769,0.33420,0.41714,0.38666,0.41397,0.41651,0.02979,0.02985,0.35638,0.39900,1.115604,0.000000,3818160,4793136,17.25,28.50,0.000000,0.000039,1050,620,182,600,2,6789505,1.682162e+06,5.944730e-07,0.796589,0,43,43,10,INSERT,random,50000,2000000,1
