section,pattern,n,nops,param_set,label,segment_size,shortcuts_per_junction,max_skip_level,level_probability,local_interval,sub_interval,t_j,soft_pct,hard_pct,flagged_ratio_limit,min_seg_len_pct,max_suboptimal_segments,min_suboptimal_events_before_global,emergency_hard_segment_ratio,stop_crash_local_sub,block_size,jli_avg_us,jli_min_us,jli_max_us,jli_p50_us,jli_p95_us,jli_p99_us,jli_stddev_us,jli_jitter_us,jli_ci_lo_us,jli_ci_hi_us,sl_avg_us,sl_min_us,sl_max_us,sl_p50_us,sl_p95_us,sl_p99_us,sl_stddev_us,sl_jitter_us,sl_ci_lo_us,sl_ci_hi_us,ratio,win_rate,jli_mem_bytes,sl_mem_bytes,jli_steps_avg,jli_steps_p99,jli_dissolve_rate,jli_rebuild_rate,jli_local_scan,jli_sub_scan,jli_local_rebuild,jli_sub_rebuild,jli_global_rebuild,jli_rebuild_node_touches,jli_effective_cost,jli_efficiency,mem_ratio,repetition,seed,base_seed,repetitions_count,section2,pattern2,n2,nops2,eval_id
INSERT,random,50000,2000000,0,256-32-4-0.50,256,32,4,0.500000,1400,1800,0.137683,0.323645,0.481751,0.279888,0.140860,0.539441,4,0.942945,0.065921,24,0.87783,0.79009,1.14994,0.86036,1.12799,1.14655,0.09243,0.28619,0.84332,0.91234,0.80179,0.67027,1.03483,0.78140,0.98848,1.02149,0.07988,0.24008,0.77197,0.83162,1.101046,0.033333,3796392,6003464,19.69,33.73,0.000000,0.000030,1913,1650,231,1573,7,14221206,3.332582e+06,3.000676e-07,0.632367,0,45,45,30,INSERT,random,50000,2000000,1
INSERT,random,50000,2000000,0,256-32-4-0.50,256,32,4,0.500000,1400,1800,0.137683,0.323645,0.481751,0.279888,0.140860,0.539441,4,0.942945,0.065921,24,1.10405,0.85845,1.19648,1.09923,1.17892,1.19149,0.06088,0.09226,1.08132,1.12677,0.91013,0.65372,0.97281,0.91627,0.95729,0.96872,0.05223,0.05245,0.89063,0.92964,1.199671,0.000000,3796392,4803080,19.69,33.73,0.000000,0.000030,1913,1650,231,1573,7,14221206,4.191388e+06,2.385845e-07,0.790408,0,45,45,30,INSERT,random,50000,2000000,1
INSERT,random,50000,2000000,0,256-32-5-0.50,256,32,5,0.500000,900,1600,0.143873,0.275017,0.468214,0.252574,0.145391,0.663793,2,0.840693,0.053623,12,0.44421,0.38922,0.49019,0.44737,0.48491,0.48913,0.03146,0.04177,0.42171,0.46671,0.35937,0.32262,0.40730,0.35764,0.40439,0.40672,0.02953,0.04908,0.33825,0.38050,1.250880,0.000000,3814376,4798168,17.21,29.00,0.000000,0.000040,1050,620,202,590,3,6606834,1.694376e+06,5.901878e-07,0.794965,0,45,45,10,INSERT,random,50000,2000000,1
