section,pattern,n,nops,param_set,label,segment_size,shortcuts_per_junction,max_skip_level,level_probability,local_interval,sub_interval,t_j,soft_pct,hard_pct,flagged_ratio_limit,min_seg_len_pct,max_suboptimal_segments,min_suboptimal_events_before_global,emergency_hard_segment_ratio,stop_crash_local_sub,block_size,jli_avg_us,jli_min_us,jli_max_us,jli_p50_us,jli_p95_us,jli_p99_us,jli_stddev_us,jli_jitter_us,jli_ci_lo_us,jli_ci_hi_us,sl_avg_us,sl_min_us,sl_max_us,sl_p50_us,sl_p95_us,sl_p99_us,sl_stddev_us,sl_jitter_us,sl_ci_lo_us,sl_ci_hi_us,ratio,win_rate,jli_mem_bytes,sl_mem_bytes,jli_steps_avg,jli_steps_p99,jli_dissolve_rate,jli_rebuild_rate,jli_local_scan,jli_sub_scan,jli_local_rebuild,jli_sub_rebuild,jli_global_rebuild,jli_rebuild_node_touches,jli_effective_cost,jli_efficiency,mem_ratio,repetition,seed,base_seed,repetitions_count,section2,pattern2,n2,nops2,eval_id
INSERT,random,50000,2000000,0,256-32-4-0.50,256,32,4,0.500000,1400,1800,0.137683,0.323645,0.481751,0.279888,0.140860,0.539441,4,0.942945,0.065921,24,0.81962,0.77827,0.87327,0.81574,0.85945,0.87025,0.02458,0.05451,0.81044,0.82879,0.74296,0.69254,0.78769,0.74196,0.77721,0.78501,0.02325,0.04305,0.73428,0.75164,1.099429,0.000000,3790192,5995856,19.97,34.07,0.000000,0.000031,1913,1650,259,1573,7,14453644,3.106502e+06,3.219055e-07,0.632135,0,46,46,30,INSERT,random,50000,2000000,1
INSERT,random,50000,2000000,0,256-32-4-0.50,256,32,4,0.500000,1400,1800,0.137683,0.323645,0.481751,0.279888,0.140860,0.539441,4,0.942945,0.065921,24,1.16207,0.79643,1.53265,1.14705,1.27638,1.46127,0.11473,0.31422,1.11923,1.20491,0.96512,0.70017,1.08622,0.97066,1.07225,1.08539,0.07926,0.11473,0.93553,0.99471,1.181715,0.000000,3790192,4795504,19.97,34.07,0.000000,0.000031,1913,1650,259,1573,7,14453644,4.404466e+06,2.270423e-07,0.790364,0,46,46,30,INSERT,random,50000,2000000,1
INSERT,random,50000,2000000,0,256-32-5-0.50,256,32,5,0.500000,900,1600,0.143873,0.275017,0.468214,0.252574,0.145391,0.663793,2,0.840693,0.053623,12,0.44082,0.38940,0.51880,0.43646,0.50291,0.51562,0.03990,0.07916,0.41228,0.46936,0.36935,0.33418,0.41319,0.36999,0.41252,0.41306,0.02730,0.04307,0.34982,0.38888,1.179663,0.100000,3816744,4798848,17.83,30.10,0.000000,0.000039,1050,620,172,600,2,6560034,1.682484e+06,5.943592e-07,0.795346,0,46,46,10,INSERT,random,50000,2000000,1
