section,pattern,n,nops,param_set,label,segment_size,shortcuts_per_junction,max_skip_level,level_probability,local_interval,sub_interval,t_j,soft_pct,hard_pct,flagged_ratio_limit,min_seg_len_pct,max_suboptimal_segments,min_suboptimal_events_before_global,emergency_hard_segment_ratio,stop_crash_local_sub,block_size,jli_avg_us,jli_min_us,jli_max_us,jli_p50_us,jli_p95_us,jli_p99_us,jli_stddev_us,jli_jitter_us,jli_ci_lo_us,jli_ci_hi_us,sl_avg_us,sl_min_us,sl_max_us,sl_p50_us,sl_p95_us,sl_p99_us,sl_stddev_us,sl_jitter_us,sl_ci_lo_us,sl_ci_hi_us,ratio,win_rate,jli_mem_bytes,sl_mem_bytes,jli_steps_avg,jli_steps_p99,jli_dissolve_rate,jli_rebuild_rate,jli_local_scan,jli_sub_scan,jli_local_rebuild,jli_sub_rebuild,jli_global_rebuild,jli_rebuild_node_touches,jli_effective_cost,jli_efficiency,mem_ratio,repetition,seed,base_seed,repetitions_count,section2,pattern2,n2,nops2,eval_id
INSERT,sequential,50000,2000000,0,512-16-4-0.50,512,16,4,0.500000,2500000,2600000,0.140898,0.278489,0.363143,0.234808,0.138289,0.692591,6,0.930044,0.078168,12,0.21099,0.18686,0.24211,0.21034,0.23178,0.23930,0.01335,0.02896,0.20600,0.21597,0.17112,0.15609,0.19027,0.17105,0.18241,0.18823,0.00737,0.01718,0.16836,0.17387,1.229720,0.000000,2421520,4004288,38.16,70.10,0.000000,0.000000,0,0,0,0,0,0,5.109109e+05,1.957289e-06,0.604732,0,44,44,30,INSERT,sequential,50000,2000000,1
INSERT,sequential,50000,2000000,0,512-16-4-0.50,512,16,4,0.500000,2500000,2600000,0.140898,0.278489,0.363143,0.234808,0.138289,0.692591,6,0.930044,0.078168,12,0.24914,0.19134,0.32249,0.24001,0.30165,0.31646,0.04443,0.07644,0.23255,0.26572,0.19149,0.15358,0.23654,0.19061,0.23008,0.23490,0.02932,0.04429,0.18054,0.20243,1.259187,0.000000,2421520,3203968,38.16,70.10,0.000000,0.000000,0,0,0,0,0,0,6.032917e+05,1.657573e-06,0.755788,0,44,44,30,INSERT,sequential,50000,2000000,1
INSERT,sequential,50000,2000000,0,512-20-3-0.50,512,20,3,0.500000,2500000,2600000,0.333473,0.254385,0.374128,0.295578,0.249266,0.103974,6,0.968238,0.080881,16,0.18094,0.15883,0.23125,0.17110,0.22331,0.22966,0.02520,0.05856,0.16292,0.19896,0.13511,0.11653,0.16293,0.13370,0.15799,0.16194,0.01427,0.02824,0.12490,0.14531,1.279701,0.000000,2424672,3205384,34.37,70.00,0.000000,0.000000,0,0,0,0,0,0,4.387178e+05,2.279369e-06,0.756437,0,44,44,10,INSERT,sequential,50000,2000000,1
