section,pattern,n,nops,param_set,label,segment_size,shortcuts_per_junction,max_skip_level,level_probability,local_interval,sub_interval,t_j,soft_pct,hard_pct,flagged_ratio_limit,min_seg_len_pct,max_suboptimal_segments,min_suboptimal_events_before_global,emergency_hard_segment_ratio,stop_crash_local_sub,block_size,jli_avg_us,jli_min_us,jli_max_us,jli_p50_us,jli_p95_us,jli_p99_us,jli_stddev_us,jli_jitter_us,jli_ci_lo_us,jli_ci_hi_us,sl_avg_us,sl_min_us,sl_max_us,sl_p50_us,sl_p95_us,sl_p99_us,sl_stddev_us,sl_jitter_us,sl_ci_lo_us,sl_ci_hi_us,ratio,win_rate,jli_mem_bytes,sl_mem_bytes,jli_steps_avg,jli_steps_p99,jli_dissolve_rate,jli_rebuild_rate,jli_local_scan,jli_sub_scan,jli_local_rebuild,jli_sub_rebuild,jli_global_rebuild,jli_rebuild_node_touches,jli_effective_cost,jli_efficiency,mem_ratio,repetition,seed,base_seed,repetitions_count,section2,pattern2,n2,nops2,eval_id
INSERT,sequential,50000,2000000,0,512-16-4-0.50,512,16,4,0.500000,2500000,2600000,0.140898,0.278489,0.363143,0.234808,0.138289,0.692591,6,0.930044,0.078168,12,0.20815,0.18999,0.23662,0.20821,0.22650,0.23380,0.01099,0.02558,0.20405,0.21225,0.17024,0.15267,0.18952,0.17043,0.18292,0.18761,0.00850,0.01718,0.16707,0.17341,1.221666,0.000000,2421536,4001216,38.16,70.10,0.000000,0.000000,0,0,0,0,0,0,5.040444e+05,1.983952e-06,0.605200,0,45,45,30,INSERT,sequential,50000,2000000,1
INSERT,sequential,50000,2000000,0,512-16-4-0.50,512,16,4,0.500000,2500000,2600000,0.140898,0.278489,0.363143,0.234808,0.138289,0.692591,6,0.930044,0.078168,12,0.29156,0.18762,0.34547,0.30392,0.33163,0.34297,0.04258,0.03905,0.27566,0.30746,0.21223,0.14632,0.23503,0.21984,0.23089,0.23400,0.02253,0.01416,0.20382,0.22064,1.382450,0.033333,2421536,3200896,38.16,70.10,0.000000,0.000000,0,0,0,0,0,0,7.060268e+05,1.416377e-06,0.756518,0,45,45,30,INSERT,sequential,50000,2000000,1
INSERT,sequential,50000,2000000,0,512-20-3-0.50,512,20,3,0.500000,2500000,2600000,0.333473,0.254385,0.374128,0.295578,0.249266,0.103974,6,0.968238,0.080881,16,0.17265,0.13533,0.29510,0.15658,0.24484,0.28505,0.04582,0.12846,0.13988,0.20543,0.12955,0.11081,0.19202,0.12190,0.16561,0.18674,0.02318,0.06484,0.11296,0.14613,1.284543,0.100000,2424704,3194496,34.33,70.00,0.000000,0.000000,0,0,0,0,0,0,4.186305e+05,2.388741e-06,0.759026,0,45,45,10,INSERT,sequential,50000,2000000,1
