section,pattern,n,nops,param_set,label,segment_size,shortcuts_per_junction,max_skip_level,level_probability,local_interval,sub_interval,t_j,soft_pct,hard_pct,flagged_ratio_limit,min_seg_len_pct,max_suboptimal_segments,min_suboptimal_events_before_global,emergency_hard_segment_ratio,stop_crash_local_sub,block_size,jli_avg_us,jli_min_us,jli_max_us,jli_p50_us,jli_p95_us,jli_p99_us,jli_stddev_us,jli_jitter_us,jli_ci_lo_us,jli_ci_hi_us,sl_avg_us,sl_min_us,sl_max_us,sl_p50_us,sl_p95_us,sl_p99_us,sl_stddev_us,sl_jitter_us,sl_ci_lo_us,sl_ci_hi_us,ratio,win_rate,jli_mem_bytes,sl_mem_bytes,jli_steps_avg,jli_steps_p99,jli_dissolve_rate,jli_rebuild_rate,jli_local_scan,jli_sub_scan,jli_local_rebuild,jli_sub_rebuild,jli_global_rebuild,jli_rebuild_node_touches,jli_effective_cost,jli_efficiency,mem_ratio,repetition,seed,base_seed,repetitions_count,section2,pattern2,n2,nops2,eval_id
INSERT,hotspot,50000,2000000,0,256-32-4-0.50,256,32,4,0.500000,2500000,2600000,0.131035,0.290873,0.532200,0.352281,0.141905,0.340356,5,0.750369,0.037868,20,0.64258,0.61349,0.66936,0.63870,0.66794,0.66932,0.01796,0.03062,0.63588,0.64929,0.45288,0.41537,0.48828,0.45232,0.48483,0.48779,0.01741,0.03547,0.44638,0.45938,1.412068,0.000000,3592392,5879288,20.02,32.67,0.000000,0.000000,0,0,0,0,0,0,2.308410e+06,4.331986e-07,0.611025,0,45,45,30,INSERT,hotspot,50000,2000000,1
INSERT,hotspot,50000,2000000,0,256-32-4-0.50,256,32,4,0.500000,2500000,2600000,0.131035,0.290873,0.532200,0.352281,0.141905,0.340356,5,0.750369,0.037868,20,0.88535,0.79133,1.08053,0.88458,0.96882,1.05046,0.06512,0.16588,0.86103,0.90966,0.58829,0.45461,0.70644,0.57580,0.68514,0.70545,0.05270,0.12965,0.56862,0.60797,1.536263,0.000000,3592392,4703704,20.02,32.67,0.000000,0.000000,0,0,0,0,0,0,3.180518e+06,3.144142e-07,0.763737,0,45,45,30,INSERT,hotspot,50000,2000000,1
INSERT,hotspot,50000,2000000,0,256-32-4-0.50,256,32,4,0.500000,2500000,2600000,0.139407,0.268887,0.560038,0.304008,0.153014,0.546747,4,0.969262,0.056850,24,0.54592,0.46856,0.64368,0.55023,0.61396,0.63773,0.04861,0.08750,0.51115,0.58069,0.38222,0.31594,0.45729,0.37414,0.45451,0.45673,0.05022,0.08259,0.34629,0.41814,1.470661,0.000000,3590024,4696400,20.15,32.90,0.000000,0.000000,0,0,0,0,0,0,1.959853e+06,5.102423e-07,0.764420,0,45,45,10,INSERT,hotspot,50000,2000000,1
