section,pattern,n,nops,param_set,label,segment_size,shortcuts_per_junction,max_skip_level,level_probability,local_interval,sub_interval,t_j,soft_pct,hard_pct,flagged_ratio_limit,min_seg_len_pct,max_suboptimal_segments,min_suboptimal_events_before_global,emergency_hard_segment_ratio,stop_crash_local_sub,block_size,jli_avg_us,jli_min_us,jli_max_us,jli_p50_us,jli_p95_us,jli_p99_us,jli_stddev_us,jli_jitter_us,jli_ci_lo_us,jli_ci_hi_us,sl_avg_us,sl_min_us,sl_max_us,sl_p50_us,sl_p95_us,sl_p99_us,sl_stddev_us,sl_jitter_us,sl_ci_lo_us,sl_ci_hi_us,ratio,win_rate,jli_mem_bytes,sl_mem_bytes,jli_steps_avg,jli_steps_p99,jli_dissolve_rate,jli_rebuild_rate,jli_local_scan,jli_sub_scan,jli_local_rebuild,jli_sub_rebuild,jli_global_rebuild,jli_rebuild_node_touches,jli_effective_cost,jli_efficiency,mem_ratio,repetition,seed,base_seed,repetitions_count,section2,pattern2,n2,nops2,eval_id
INSERT,hotspot,50000,2000000,0,256-32-4-0.50,256,32,4,0.500000,2500000,2600000,0.131035,0.290873,0.532200,0.352281,0.141905,0.340356,5,0.750369,0.037868,20,0.62837,0.56470,0.69710,0.62948,0.66779,0.69027,0.02567,0.06079,0.61879,0.63796,0.44584,0.42067,0.49086,0.44199,0.46898,0.48477,0.01768,0.04277,0.43924,0.45244,1.424174,0.000000,3590144,5867104,19.82,32.47,0.000000,0.000000,0,0,0,0,0,0,2.255954e+06,4.432715e-07,0.611911,0,47,47,30,INSERT,hotspot,50000,2000000,1
INSERT,hotspot,50000,2000000,0,256-32-4-0.50,256,32,4,0.500000,2500000,2600000,0.131035,0.290873,0.532200,0.352281,0.141905,0.340356,5,0.750369,0.037868,20,0.86647,0.63268,1.08486,0.87038,0.92738,1.04137,0.07089,0.17098,0.84001,0.89294,0.58518,0.41703,0.67297,0.58694,0.63336,0.66194,0.04034,0.07500,0.57011,0.60024,1.482921,0.000000,3590144,4692280,19.82,32.47,0.000000,0.000000,0,0,0,0,0,0,3.110762e+06,3.214646e-07,0.765117,0,47,47,30,INSERT,hotspot,50000,2000000,1
INSERT,hotspot,50000,2000000,0,256-32-4-0.50,256,32,4,0.500000,2500000,2600000,0.139407,0.268887,0.560038,0.304008,0.153014,0.546747,4,0.969262,0.056850,24,0.41242,0.38440,0.45669,0.41088,0.44125,0.45360,0.01984,0.04273,0.39822,0.42661,0.27909,0.26268,0.32940,0.27254,0.31070,0.32566,0.01965,0.05312,0.26504,0.29315,1.507578,0.000000,3590448,4693312,19.90,32.70,0.000000,0.000000,0,0,0,0,0,0,1.480763e+06,6.753276e-07,0.765014,0,47,47,10,INSERT,hotspot,50000,2000000,1
