section,pattern,n,nops,param_set,label,segment_size,shortcuts_per_junction,max_skip_level,level_probability,local_interval,sub_interval,t_j,soft_pct,hard_pct,flagged_ratio_limit,min_seg_len_pct,max_suboptimal_segments,min_suboptimal_events_before_global,emergency_hard_segment_ratio,stop_crash_local_sub,block_size,jli_avg_us,jli_min_us,jli_max_us,jli_p50_us,jli_p95_us,jli_p99_us,jli_stddev_us,jli_jitter_us,jli_ci_lo_us,jli_ci_hi_us,sl_avg_us,sl_min_us,sl_max_us,sl_p50_us,sl_p95_us,sl_p99_us,sl_stddev_us,sl_jitter_us,sl_ci_lo_us,sl_ci_hi_us,ratio,win_rate,jli_mem_bytes,sl_mem_bytes,jli_steps_avg,jli_steps_p99,jli_dissolve_rate,jli_rebuild_rate,jli_local_scan,jli_sub_scan,jli_local_rebuild,jli_sub_rebuild,jli_global_rebuild,jli_rebuild_node_touches,jli_effective_cost,jli_efficiency,mem_ratio,repetition,seed,base_seed,repetitions_count,section2,pattern2,n2,nops2,eval_id
INSERT,hotspot,50000,2000000,0,256-32-4-0.50,256,32,4,0.500000,2500000,2600000,0.131035,0.290873,0.532200,0.352281,0.141905,0.340356,5,0.750369,0.037868,20,0.65166,0.61026,0.71764,0.64603,0.70441,0.71491,0.02560,0.06888,0.64210,0.66122,0.45185,0.38533,0.50230,0.45535,0.48491,0.49880,0.02226,0.04346,0.44354,0.46016,1.418758,0.000000,3590704,5888648,20.01,32.80,0.000000,0.000000,0,0,0,0,0,0,2.339903e+06,4.273682e-07,0.609767,0,43,43,30,INSERT,hotspot,50000,2000000,1
INSERT,hotspot,50000,2000000,0,256-32-4-0.50,256,32,4,0.500000,2500000,2600000,0.131035,0.290873,0.532200,0.352281,0.141905,0.340356,5,0.750369,0.037868,20,0.78611,0.59588,0.91712,0.84125,0.89327,0.91113,0.11183,0.06988,0.74436,0.82786,0.51543,0.37593,0.60304,0.55430,0.58148,0.59726,0.07077,0.04296,0.48901,0.54185,1.517674,0.000000,3590704,4713632,20.01,32.80,0.000000,0.000000,0,0,0,0,0,0,2.822696e+06,3.542712e-07,0.761770,0,43,43,30,INSERT,hotspot,50000,2000000,1
INSERT,hotspot,50000,2000000,0,256-32-4-0.50,256,32,4,0.500000,2500000,2600000,0.139407,0.268887,0.560038,0.304008,0.153014,0.546747,4,0.969262,0.056850,24,0.50075,0.45712,0.56444,0.49835,0.55536,0.56262,0.03377,0.06427,0.47659,0.52490,0.34417,0.29442,0.44796,0.33069,0.41913,0.44220,0.04702,0.11151,0.31054,0.37781,1.507007,0.000000,3589040,4690080,20.16,32.90,0.000000,0.000000,0,0,0,0,0,0,1.797198e+06,5.564219e-07,0.765241,0,43,43,10,INSERT,hotspot,50000,2000000,1
