section,pattern,n,nops,param_set,label,segment_size,shortcuts_per_junction,max_skip_level,level_probability,local_interval,sub_interval,t_j,soft_pct,hard_pct,flagged_ratio_limit,min_seg_len_pct,max_suboptimal_segments,min_suboptimal_events_before_global,emergency_hard_segment_ratio,stop_crash_local_sub,block_size,jli_avg_us,jli_min_us,jli_max_us,jli_p50_us,jli_p95_us,jli_p99_us,jli_stddev_us,jli_jitter_us,jli_ci_lo_us,jli_ci_hi_us,sl_avg_us,sl_min_us,sl_max_us,sl_p50_us,sl_p95_us,sl_p99_us,sl_stddev_us,sl_jitter_us,sl_ci_lo_us,sl_ci_hi_us,ratio,win_rate,jli_mem_bytes,sl_mem_bytes,jli_steps_avg,jli_steps_p99,jli_dissolve_rate,jli_rebuild_rate,jli_local_scan,jli_sub_scan,jli_local_rebuild,jli_sub_rebuild,jli_global_rebuild,jli_rebuild_node_touches,jli_effective_cost,jli_efficiency,mem_ratio,repetition,seed,base_seed,repetitions_count,section2,pattern2,n2,nops2,eval_id
INSERT,hotspot,50000,2000000,0,256-32-4-0.50,256,32,4,0.500000,2500000,2600000,0.131035,0.290873,0.532200,0.352281,0.141905,0.340356,5,0.750369,0.037868,20,0.64045,0.59640,0.72059,0.64046,0.68101,0.70964,0.02572,0.06917,0.63085,0.65005,0.44283,0.40403,0.47721,0.44304,0.46338,0.47366,0.01466,0.03062,0.43736,0.44831,1.445608,0.000000,3591096,5870688,19.96,32.60,0.000000,0.000000,0,0,0,0,0,0,2.299917e+06,4.347982e-07,0.611699,0,46,46,30,INSERT,hotspot,50000,2000000,1
INSERT,hotspot,50000,2000000,0,256-32-4-0.50,256,32,4,0.500000,2500000,2600000,0.131035,0.290873,0.532200,0.352281,0.141905,0.340356,5,0.750369,0.037868,20,0.87603,0.65169,0.99614,0.88110,0.95331,0.98592,0.06674,0.10482,0.85111,0.90095,0.58113,0.41260,0.66156,0.58138,0.64011,0.65541,0.04470,0.07403,0.56444,0.59782,1.515540,0.000000,3591096,4695536,19.96,32.60,0.000000,0.000000,0,0,0,0,0,0,3.145891e+06,3.178750e-07,0.764789,0,46,46,30,INSERT,hotspot,50000,2000000,1
INSERT,hotspot,50000,2000000,0,256-32-4-0.50,256,32,4,0.500000,2500000,2600000,0.139407,0.268887,0.560038,0.304008,0.153014,0.546747,4,0.969262,0.056850,24,0.50063,0.39374,0.64437,0.48896,0.63986,0.64347,0.10038,0.15452,0.42883,0.57243,0.32844,0.27555,0.42231,0.31864,0.40668,0.41919,0.05107,0.10054,0.29191,0.36497,1.534487,0.000000,3589648,4695024,20.00,32.80,0.000000,0.000000,0,0,0,0,0,0,1.797083e+06,5.564574e-07,0.764564,0,46,46,10,INSERT,hotspot,50000,2000000,1
