section,pattern,n,nops,param_set,label,segment_size,shortcuts_per_junction,max_skip_level,level_probability,local_interval,sub_interval,t_j,soft_pct,hard_pct,flagged_ratio_limit,min_seg_len_pct,max_suboptimal_segments,min_suboptimal_events_before_global,emergency_hard_segment_ratio,stop_crash_local_sub,block_size,jli_avg_us,jli_min_us,jli_max_us,jli_p50_us,jli_p95_us,jli_p99_us,jli_stddev_us,jli_jitter_us,jli_ci_lo_us,jli_ci_hi_us,sl_avg_us,sl_min_us,sl_max_us,sl_p50_us,sl_p95_us,sl_p99_us,sl_stddev_us,sl_jitter_us,sl_ci_lo_us,sl_ci_hi_us,ratio,win_rate,jli_mem_bytes,sl_mem_bytes,jli_steps_avg,jli_steps_p99,jli_dissolve_rate,jli_rebuild_rate,jli_local_scan,jli_sub_scan,jli_local_rebuild,jli_sub_rebuild,jli_global_rebuild,jli_rebuild_node_touches,jli_effective_cost,jli_efficiency,mem_ratio,repetition,seed,base_seed,repetitions_count,section2,pattern2,n2,nops2,eval_id
INSERT,zipfian,50000,2000000,0,256-16-4-0.50,256,16,4,0.500000,2500000,2600000,0.130374,0.339085,0.591711,0.329758,0.174459,0.457139,4,0.710464,0.078500,24,0.66902,0.59723,0.75812,0.66268,0.73243,0.75497,0.03724,0.09229,0.65512,0.68293,0.34057,0.30999,0.38489,0.33561,0.38156,0.38431,0.01879,0.04869,0.33356,0.34759,1.974524,0.000000,3474032,5723360,23.88,52.00,0.000000,0.000000,0,0,0,0,0,0,2.324213e+06,4.302533e-07,0.606992,0,45,45,30,INSERT,zipfian,50000,2000000,1
INSERT,zipfian,50000,2000000,0,256-16-4-0.50,256,16,4,0.500000,2500000,2600000,0.130374,0.339085,0.591711,0.329758,0.174459,0.457139,4,0.710464,0.078500,24,0.92202,0.69278,1.02275,0.92267,0.98529,1.01314,0.06212,0.09047,0.89882,0.94521,0.44581,0.30343,0.48372,0.45122,0.47879,0.48262,0.03315,0.03139,0.43344,0.45819,2.044825,0.000000,3474032,4578872,23.88,52.00,0.000000,0.000000,0,0,0,0,0,0,3.203118e+06,3.121959e-07,0.758709,0,45,45,30,INSERT,zipfian,50000,2000000,1
INSERT,zipfian,50000,2000000,0,256-24-6-0.50,256,24,6,0.500000,2500000,2600000,0.399697,0.290827,0.331190,0.291272,0.214448,0.552983,5,0.854589,0.063454,4,0.26622,0.25004,0.28009,0.26589,0.27769,0.27961,0.00863,0.01372,0.26004,0.27239,0.15363,0.14676,0.15901,0.15436,0.15841,0.15889,0.00393,0.00453,0.15083,0.15644,1.722493,0.000000,3486936,4572800,19.14,52.90,0.000000,0.000000,0,0,0,0,0,0,9.282860e+05,1.077254e-06,0.762538,0,45,45,10,INSERT,zipfian,50000,2000000,1
