section,pattern,n,nops,param_set,label,segment_size,shortcuts_per_junction,max_skip_level,level_probability,local_interval,sub_interval,t_j,soft_pct,hard_pct,flagged_ratio_limit,min_seg_len_pct,max_suboptimal_segments,min_suboptimal_events_before_global,emergency_hard_segment_ratio,stop_crash_local_sub,block_size,jli_avg_us,jli_min_us,jli_max_us,jli_p50_us,jli_p95_us,jli_p99_us,jli_stddev_us,jli_jitter_us,jli_ci_lo_us,jli_ci_hi_us,sl_avg_us,sl_min_us,sl_max_us,sl_p50_us,sl_p95_us,sl_p99_us,sl_stddev_us,sl_jitter_us,sl_ci_lo_us,sl_ci_hi_us,ratio,win_rate,jli_mem_bytes,sl_mem_bytes,jli_steps_avg,jli_steps_p99,jli_dissolve_rate,jli_rebuild_rate,jli_local_scan,jli_sub_scan,jli_local_rebuild,jli_sub_rebuild,jli_global_rebuild,jli_rebuild_node_touches,jli_effective_cost,jli_efficiency,mem_ratio,repetition,seed,base_seed,repetitions_count,section2,pattern2,n2,nops2,eval_id
INSERT,zipfian,50000,2000000,0,256-16-4-0.50,256,16,4,0.500000,2500000,2600000,0.130374,0.339085,0.591711,0.329758,0.174459,0.457139,4,0.710464,0.078500,24,0.65573,0.60710,0.71621,0.65374,0.69081,0.70983,0.02472,0.05609,0.64650,0.66496,0.33827,0.31639,0.38807,0.33513,0.36481,0.38184,0.01580,0.04671,0.33237,0.34416,1.950691,0.000000,3471744,5731816,23.90,52.00,0.000000,0.000000,0,0,0,0,0,0,2.276520e+06,4.392669e-07,0.605697,0,43,43,30,INSERT,zipfian,50000,2000000,1
INSERT,zipfian,50000,2000000,0,256-16-4-0.50,256,16,4,0.500000,2500000,2600000,0.130374,0.339085,0.591711,0.329758,0.174459,0.457139,4,0.710464,0.078500,24,0.90927,0.65892,1.03926,0.91696,0.99091,1.02536,0.06872,0.10841,0.88362,0.93493,0.44077,0.30732,0.49927,0.44213,0.47818,0.49354,0.03245,0.05141,0.42865,0.45289,2.073938,0.000000,3471744,4588096,23.90,52.00,0.000000,0.000000,0,0,0,0,0,0,3.156769e+06,3.167796e-07,0.756685,0,43,43,30,INSERT,zipfian,50000,2000000,1
INSERT,zipfian,50000,2000000,0,256-24-6-0.50,256,24,6,0.500000,2500000,2600000,0.399697,0.290827,0.331190,0.291272,0.214448,0.552983,5,0.854589,0.063454,4,0.26775,0.25328,0.28097,0.26963,0.27889,0.28055,0.00852,0.01092,0.26165,0.27384,0.15603,0.14767,0.16720,0.15576,0.16660,0.16708,0.00660,0.01133,0.15131,0.16075,1.731114,0.000000,3485560,4567552,19.16,52.90,0.000000,0.000000,0,0,0,0,0,0,9.332489e+05,1.071525e-06,0.763113,0,43,43,10,INSERT,zipfian,50000,2000000,1
