section,pattern,n,nops,param_set,label,segment_size,shortcuts_per_junction,max_skip_level,level_probability,local_interval,sub_interval,t_j,soft_pct,hard_pct,flagged_ratio_limit,min_seg_len_pct,max_suboptimal_segments,min_suboptimal_events_before_global,emergency_hard_segment_ratio,stop_crash_local_sub,block_size,jli_avg_us,jli_min_us,jli_max_us,jli_p50_us,jli_p95_us,jli_p99_us,jli_stddev_us,jli_jitter_us,jli_ci_lo_us,jli_ci_hi_us,sl_avg_us,sl_min_us,sl_max_us,sl_p50_us,sl_p95_us,sl_p99_us,sl_stddev_us,sl_jitter_us,sl_ci_lo_us,sl_ci_hi_us,ratio,win_rate,jli_mem_bytes,sl_mem_bytes,jli_steps_avg,jli_steps_p99,jli_dissolve_rate,jli_rebuild_rate,jli_local_scan,jli_sub_scan,jli_local_rebuild,jli_sub_rebuild,jli_global_rebuild,jli_rebuild_node_touches,jli_effective_cost,jli_efficiency,mem_ratio,repetition,seed,base_seed,repetitions_count,section2,pattern2,n2,nops2,eval_id
INSERT,zipfian,50000,2000000,0,256-16-4-0.50,256,16,4,0.500000,2500000,2600000,0.130374,0.339085,0.591711,0.329758,0.174459,0.457139,4,0.710464,0.078500,24,0.65156,0.59608,0.73745,0.64939,0.70771,0.73475,0.02948,0.08535,0.64055,0.66256,0.34023,0.30936,0.41473,0.34058,0.36485,0.40030,0.02160,0.05971,0.33217,0.34830,1.906718,0.000000,3470920,5717144,24.00,52.00,0.000000,0.000000,0,0,0,0,0,0,2.261496e+06,4.421852e-07,0.607107,0,42,42,30,INSERT,zipfian,50000,2000000,1
INSERT,zipfian,50000,2000000,0,256-16-4-0.50,256,16,4,0.500000,2500000,2600000,0.130374,0.339085,0.591711,0.329758,0.174459,0.457139,4,0.710464,0.078500,24,0.77980,0.63451,1.00587,0.70592,0.96317,0.99439,0.12368,0.28847,0.73362,0.82598,0.37511,0.29268,0.48613,0.34461,0.48135,0.48554,0.06525,0.14093,0.35075,0.39947,2.048462,0.000000,3470920,4573680,24.00,52.00,0.000000,0.000000,0,0,0,0,0,0,2.706625e+06,3.694638e-07,0.758890,0,42,42,30,INSERT,zipfian,50000,2000000,1
INSERT,zipfian,50000,2000000,0,256-24-6-0.50,256,24,6,0.500000,2500000,2600000,0.399697,0.290827,0.331190,0.291272,0.214448,0.552983,5,0.854589,0.063454,4,0.30088,0.25702,0.39555,0.29345,0.35909,0.38826,0.03812,0.09481,0.27362,0.32815,0.16640,0.15132,0.22400,0.15941,0.20143,0.21949,0.02163,0.06008,0.15093,0.18188,1.840907,0.000000,3484352,4571968,19.27,52.70,0.000000,0.000000,0,0,0,0,0,0,1.048383e+06,9.538495e-07,0.762112,0,42,42,10,INSERT,zipfian,50000,2000000,1
