section,pattern,n,nops,param_set,label,segment_size,shortcuts_per_junction,max_skip_level,level_probability,local_interval,sub_interval,t_j,soft_pct,hard_pct,flagged_ratio_limit,min_seg_len_pct,max_suboptimal_segments,min_suboptimal_events_before_global,emergency_hard_segment_ratio,stop_crash_local_sub,block_size,jli_avg_us,jli_min_us,jli_max_us,jli_p50_us,jli_p95_us,jli_p99_us,jli_stddev_us,jli_jitter_us,jli_ci_lo_us,jli_ci_hi_us,sl_avg_us,sl_min_us,sl_max_us,sl_p50_us,sl_p95_us,sl_p99_us,sl_stddev_us,sl_jitter_us,sl_ci_lo_us,sl_ci_hi_us,ratio,win_rate,jli_mem_bytes,sl_mem_bytes,jli_steps_avg,jli_steps_p99,jli_dissolve_rate,jli_rebuild_rate,jli_local_scan,jli_sub_scan,jli_local_rebuild,jli_sub_rebuild,jli_global_rebuild,jli_rebuild_node_touches,jli_effective_cost,jli_efficiency,mem_ratio,repetition,seed,base_seed,repetitions_count,section2,pattern2,n2,nops2,eval_id
INSERT,zipfian,50000,2000000,0,256-16-4-0.50,256,16,4,0.500000,2500000,2600000,0.130374,0.339085,0.591711,0.329758,0.174459,0.457139,4,0.710464,0.078500,24,0.65771,0.61161,0.72852,0.65251,0.70417,0.72297,0.02415,0.07046,0.64870,0.66673,0.33657,0.31206,0.38411,0.33687,0.35012,0.37449,0.01335,0.03761,0.33158,0.34155,1.936953,0.000000,3468784,5718920,23.94,51.83,0.000000,0.000000,0,0,0,0,0,0,2.281458e+06,4.383162e-07,0.606545,0,44,44,30,INSERT,zipfian,50000,2000000,1
INSERT,zipfian,50000,2000000,0,256-16-4-0.50,256,16,4,0.500000,2500000,2600000,0.130374,0.339085,0.591711,0.329758,0.174459,0.457139,4,0.710464,0.078500,24,0.90463,0.69250,1.03417,0.90264,0.98492,1.02179,0.06401,0.11915,0.88073,0.92853,0.43869,0.34749,0.51483,0.43460,0.49070,0.50990,0.03278,0.07530,0.42645,0.45092,2.076933,0.000000,3468784,4576184,23.94,51.83,0.000000,0.000000,0,0,0,0,0,0,3.137982e+06,3.186762e-07,0.758008,0,44,44,30,INSERT,zipfian,50000,2000000,1
INSERT,zipfian,50000,2000000,0,256-24-6-0.50,256,24,6,0.500000,2500000,2600000,0.399697,0.290827,0.331190,0.291272,0.214448,0.552983,5,0.854589,0.063454,4,0.26600,0.25790,0.27929,0.26502,0.27660,0.27875,0.00673,0.01373,0.26118,0.27081,0.15455,0.15144,0.15926,0.15337,0.15885,0.15918,0.00293,0.00581,0.15246,0.15665,1.728039,0.000000,3484576,4574232,19.14,52.70,0.000000,0.000000,0,0,0,0,0,0,9.268817e+05,1.078886e-06,0.761784,0,44,44,10,INSERT,zipfian,50000,2000000,1
