section,pattern,n,nops,param_set,label,segment_size,shortcuts_per_junction,max_skip_level,level_probability,local_interval,sub_interval,t_j,soft_pct,hard_pct,flagged_ratio_limit,min_seg_len_pct,max_suboptimal_segments,min_suboptimal_events_before_global,emergency_hard_segment_ratio,stop_crash_local_sub,block_size,jli_avg_us,jli_min_us,jli_max_us,jli_p50_us,jli_p95_us,jli_p99_us,jli_stddev_us,jli_jitter_us,jli_ci_lo_us,jli_ci_hi_us,sl_avg_us,sl_min_us,sl_max_us,sl_p50_us,sl_p95_us,sl_p99_us,sl_stddev_us,sl_jitter_us,sl_ci_lo_us,sl_ci_hi_us,ratio,win_rate,jli_mem_bytes,sl_mem_bytes,jli_steps_avg,jli_steps_p99,jli_dissolve_rate,jli_rebuild_rate,jli_local_scan,jli_sub_scan,jli_local_rebuild,jli_sub_rebuild,jli_global_rebuild,jli_rebuild_node_touches,jli_effective_cost,jli_efficiency,mem_ratio,repetition,seed,base_seed,repetitions_count,section2,pattern2,n2,nops2,eval_id
INSERT,zipfian,50000,2000000,0,256-16-4-0.50,256,16,4,0.500000,2500000,2600000,0.130374,0.339085,0.591711,0.329758,0.174459,0.457139,4,0.710464,0.078500,24,0.65322,0.61740,0.73413,0.65003,0.69591,0.72724,0.02454,0.07721,0.64405,0.66238,0.33612,0.31254,0.37231,0.33587,0.36234,0.37011,0.01447,0.03425,0.33071,0.34152,1.935359,0.000000,3475104,5718144,23.91,52.00,0.000000,0.000000,0,0,0,0,0,0,2.270000e+06,4.405286e-07,0.607733,0,47,47,30,INSERT,zipfian,50000,2000000,1
INSERT,zipfian,50000,2000000,0,256-16-4-0.50,256,16,4,0.500000,2500000,2600000,0.130374,0.339085,0.591711,0.329758,0.174459,0.457139,4,0.710464,0.078500,24,0.92013,0.59927,1.05089,0.92125,1.04195,1.04931,0.09480,0.12806,0.88474,0.95553,0.44855,0.28644,0.53108,0.44933,0.51634,0.53003,0.04353,0.08070,0.43230,0.46480,2.050272,0.000000,3475104,4573304,23.91,52.00,0.000000,0.000000,0,0,0,0,0,0,3.197559e+06,3.127385e-07,0.759867,0,47,47,30,INSERT,zipfian,50000,2000000,1
INSERT,zipfian,50000,2000000,0,256-24-6-0.50,256,24,6,0.500000,2500000,2600000,0.399697,0.290827,0.331190,0.291272,0.214448,0.552983,5,0.854589,0.063454,4,0.27574,0.26196,0.28624,0.27704,0.28584,0.28616,0.00967,0.00912,0.26882,0.28266,0.15921,0.14784,0.18341,0.15615,0.17649,0.18202,0.01008,0.02588,0.15200,0.16642,1.774247,0.000000,3485792,4568728,19.11,52.50,0.000000,0.000000,0,0,0,0,0,0,9.611610e+05,1.040408e-06,0.762968,0,47,47,10,INSERT,zipfian,50000,2000000,1
