section,pattern,n,nops,param_set,label,segment_size,shortcuts_per_junction,max_skip_level,level_probability,local_interval,sub_interval,t_j,soft_pct,hard_pct,flagged_ratio_limit,min_seg_len_pct,max_suboptimal_segments,min_suboptimal_events_before_global,emergency_hard_segment_ratio,stop_crash_local_sub,block_size,jli_avg_us,jli_min_us,jli_max_us,jli_p50_us,jli_p95_us,jli_p99_us,jli_stddev_us,jli_jitter_us,jli_ci_lo_us,jli_ci_hi_us,sl_avg_us,sl_min_us,sl_max_us,sl_p50_us,sl_p95_us,sl_p99_us,sl_stddev_us,sl_jitter_us,sl_ci_lo_us,sl_ci_hi_us,ratio,win_rate,jli_mem_bytes,sl_mem_bytes,jli_steps_avg,jli_steps_p99,jli_dissolve_rate,jli_rebuild_rate,jli_local_scan,jli_sub_scan,jli_local_rebuild,jli_sub_rebuild,jli_global_rebuild,jli_rebuild_node_touches,jli_effective_cost,jli_efficiency,mem_ratio,repetition,seed,base_seed,repetitions_count,section2,pattern2,n2,nops2,eval_id
INSERT,zipfian,50000,2000000,0,256-16-4-0.50,256,16,4,0.500000,2500000,2600000,0.130374,0.339085,0.591711,0.329758,0.174459,0.457139,4,0.710464,0.078500,24,0.64569,0.58937,0.72829,0.64485,0.68560,0.71600,0.02878,0.07114,0.63494,0.65643,0.33433,0.31140,0.36167,0.33279,0.35709,0.36069,0.01204,0.02790,0.32983,0.33882,1.937737,0.000000,3471832,5714192,24.06,52.00,0.000000,0.000000,0,0,0,0,0,0,2.241712e+06,4.460876e-07,0.607581,0,46,46,30,INSERT,zipfian,50000,2000000,1
INSERT,zipfian,50000,2000000,0,256-16-4-0.50,256,16,4,0.500000,2500000,2600000,0.130374,0.339085,0.591711,0.329758,0.174459,0.457139,4,0.710464,0.078500,24,0.90279,0.66582,1.07219,0.91410,0.95961,1.03990,0.06612,0.12580,0.87811,0.92748,0.43228,0.30584,0.49777,0.43951,0.46976,0.49019,0.03362,0.05068,0.41972,0.44483,2.079790,0.000000,3471832,4570432,24.06,52.00,0.000000,0.000000,0,0,0,0,0,0,3.134348e+06,3.190456e-07,0.759629,0,46,46,30,INSERT,zipfian,50000,2000000,1
INSERT,zipfian,50000,2000000,0,256-24-6-0.50,256,24,6,0.500000,2500000,2600000,0.399697,0.290827,0.331190,0.291272,0.214448,0.552983,5,0.854589,0.063454,4,0.29191,0.26092,0.34779,0.29026,0.33020,0.34427,0.02407,0.05401,0.27469,0.30913,0.17801,0.15179,0.26245,0.15906,0.25461,0.26088,0.04058,0.10183,0.14898,0.20703,1.824854,0.000000,3486528,4572840,19.27,52.80,0.000000,0.000000,0,0,0,0,0,0,1.017752e+06,9.825580e-07,0.762443,0,46,46,10,INSERT,zipfian,50000,2000000,1
