section,pattern,n,nops,param_set,label,segment_size,shortcuts_per_junction,max_skip_level,level_probability,local_interval,sub_interval,t_j,soft_pct,hard_pct,flagged_ratio_limit,min_seg_len_pct,max_suboptimal_segments,min_suboptimal_events_before_global,emergency_hard_segment_ratio,stop_crash_local_sub,block_size,jli_avg_us,jli_min_us,jli_max_us,jli_p50_us,jli_p95_us,jli_p99_us,jli_stddev_us,jli_jitter_us,jli_ci_lo_us,jli_ci_hi_us,sl_avg_us,sl_min_us,sl_max_us,sl_p50_us,sl_p95_us,sl_p99_us,sl_stddev_us,sl_jitter_us,sl_ci_lo_us,sl_ci_hi_us,ratio,win_rate,jli_mem_bytes,sl_mem_bytes,jli_steps_avg,jli_steps_p99,jli_dissolve_rate,jli_rebuild_rate,jli_local_scan,jli_sub_scan,jli_local_rebuild,jli_sub_rebuild,jli_global_rebuild,jli_rebuild_node_touches,jli_effective_cost,jli_efficiency,mem_ratio,repetition,seed,base_seed,repetitions_count,section2,pattern2,n2,nops2,eval_id
INSERT,random,50000,2000000,0,256-32-4-0.50,256,32,4,0.500000,1400,1800,0.137683,0.323645,0.481751,0.279888,0.140860,0.539441,4,0.942945,0.065921,24,0.85730,0.81655,0.91737,0.85258,0.89684,0.91170,0.02368,0.05911,0.84846,0.86614,0.77749,0.73949,0.81771,0.78173,0.81166,0.81609,0.02307,0.03436,0.76888,0.78611,1.090633,0.000000,3798168,6006696,19.91,33.73,0.000000,0.000030,1914,1650,206,1584,6,14527091,3.256164e+06,3.071098e-07,0.632322,0,44,44,30,INSERT,random,50000,2000000,1
INSERT,random,50000,2000000,0,256-32-4-0.50,256,32,4,0.500000,1400,1800,0.137683,0.323645,0.481751,0.279888,0.140860,0.539441,4,0.942945,0.065921,24,1.08122,0.69007,1.23534,1.09900,1.22858,1.23355,0.12039,0.13455,1.03627,1.12617,0.90186,0.56955,1.10612,0.92106,1.05740,1.09755,0.11347,0.17649,0.85950,0.94423,1.193185,0.000000,3798168,4806336,19.91,33.73,0.000000,0.000030,1914,1650,206,1584,6,14527091,4.106647e+06,2.435076e-07,0.790242,0,44,44,30,INSERT,random,50000,2000000,1
INSERT,random,50000,2000000,0,256-32-5-0.50,256,32,5,0.500000,900,1600,0.143873,0.275017,0.468214,0.252574,0.145391,0.663793,2,0.840693,0.053623,12,0.49601,0.41572,0.64063,0.47215,0.61444,0.63539,0.06941,0.16324,0.44635,0.54566,0.42047,0.34753,0.56296,0.39139,0.55083,0.56054,0.07581,0.16915,0.36625,0.47470,1.206354,0.100000,3820632,4803512,17.22,28.60,0.000000,0.000038,1050,620,167,600,2,6758198,1.895055e+06,5.276891e-07,0.795383,0,44,44,10,INSERT,random,50000,2000000,1
