section,pattern,n,nops,param_set,label,segment_size,shortcuts_per_junction,max_skip_level,level_probability,local_interval,sub_interval,t_j,soft_pct,hard_pct,flagged_ratio_limit,min_seg_len_pct,max_suboptimal_segments,min_suboptimal_events_before_global,emergency_hard_segment_ratio,stop_crash_local_sub,block_size,jli_avg_us,jli_min_us,jli_max_us,jli_p50_us,jli_p95_us,jli_p99_us,jli_stddev_us,jli_jitter_us,jli_ci_lo_us,jli_ci_hi_us,sl_avg_us,sl_min_us,sl_max_us,sl_p50_us,sl_p95_us,sl_p99_us,sl_stddev_us,sl_jitter_us,sl_ci_lo_us,sl_ci_hi_us,ratio,win_rate,jli_mem_bytes,sl_mem_bytes,jli_steps_avg,jli_steps_p99,jli_dissolve_rate,jli_rebuild_rate,jli_local_scan,jli_sub_scan,jli_local_rebuild,jli_sub_rebuild,jli_global_rebuild,jli_rebuild_node_touches,jli_effective_cost,jli_efficiency,mem_ratio,repetition,seed,base_seed,repetitions_count,section2,pattern2,n2,nops2,eval_id
INSERT,random,50000,2000000,0,256-32-4-0.50,256,32,4,0.500000,1400,1800,0.137683,0.323645,0.481751,0.279888,0.140860,0.539441,4,0.942945,0.065921,24,0.85104,0.80366,1.22703,0.83338,0.88505,1.12984,0.07535,0.29646,0.82290,0.87917,0.76120,0.70896,0.83538,0.76216,0.81384,0.82966,0.03082,0.06750,0.74969,0.77271,1.093455,0.000000,3792352,5993648,20.20,34.37,0.000000,0.000030,1914,1650,231,1584,6,14554719,3.227433e+06,3.098438e-07,0.632729,0,47,47,30,INSERT,random,50000,2000000,1
INSERT,random,50000,2000000,0,256-32-4-0.50,256,32,4,0.500000,1400,1800,0.137683,0.323645,0.481751,0.279888,0.140860,0.539441,4,0.942945,0.065921,24,1.07957,0.85602,1.19513,1.08930,1.17863,1.19142,0.06548,0.10212,1.05512,1.10401,0.91809,0.80420,1.07386,0.92515,0.99087,1.05771,0.05441,0.13257,0.89778,0.93840,1.177432,0.000000,3792352,4793328,20.20,34.37,0.000000,0.000030,1914,1650,231,1584,6,14554719,4.094100e+06,2.442539e-07,0.791173,0,47,47,30,INSERT,random,50000,2000000,1
INSERT,random,50000,2000000,0,256-32-5-0.50,256,32,5,0.500000,900,1600,0.143873,0.275017,0.468214,0.252574,0.145391,0.663793,2,0.840693,0.053623,12,0.47553,0.39017,0.62953,0.45602,0.58450,0.62052,0.06902,0.16450,0.42617,0.52490,0.39008,0.34873,0.49247,0.37276,0.46743,0.48747,0.04848,0.11470,0.35541,0.42476,1.223349,0.100000,3812864,4795096,17.06,28.50,0.000000,0.000039,1050,620,161,610,1,6770732,1.813149e+06,5.515267e-07,0.795159,0,47,47,10,INSERT,random,50000,2000000,1
