section,pattern,n,nops,param_set,label,segment_size,shortcuts_per_junction,max_skip_level,level_probability,local_interval,sub_interval,t_j,soft_pct,hard_pct,flagged_ratio_limit,min_seg_len_pct,max_suboptimal_segments,min_suboptimal_events_before_global,emergency_hard_segment_ratio,stop_crash_local_sub,block_size,jli_avg_us,jli_min_us,jli_max_us,jli_p50_us,jli_p95_us,jli_p99_us,jli_stddev_us,jli_jitter_us,jli_ci_lo_us,jli_ci_hi_us,sl_avg_us,sl_min_us,sl_max_us,sl_p50_us,sl_p95_us,sl_p99_us,sl_stddev_us,sl_jitter_us,sl_ci_lo_us,sl_ci_hi_us,ratio,win_rate,jli_mem_bytes,sl_mem_bytes,jli_steps_avg,jli_steps_p99,jli_dissolve_rate,jli_rebuild_rate,jli_local_scan,jli_sub_scan,jli_local_rebuild,jli_sub_rebuild,jli_global_rebuild,jli_rebuild_node_touches,jli_effective_cost,jli_efficiency,mem_ratio,repetition,seed,base_seed,repetitions_count,section2,pattern2,n2,nops2,eval_id
INSERT,adversarial,50000,2000000,0,1024-32-3-0.50,1024,32,3,0.500000,700,2000,0.320106,0.296353,0.452642,0.399400,0.217527,0.396621,2,0.756478,0.069413,10,0.29942,0.27138,0.32195,0.29581,0.31758,0.32077,0.01322,0.02496,0.29448,0.30435,0.20504,0.18118,0.22668,0.20813,0.22035,0.22522,0.01219,0.01709,0.20048,0.20959,1.421287,0.000000,49866896,81992176,23.44,49.74,0.000000,0.001004,81420,30000,30240,30000,0,124339380,1.493103e+07,6.697462e-08,0.608191,0,46,46,30,INSERT,adversarial,50000,2000000,1
INSERT,adversarial,50000,2000000,0,1024-32-3-0.50,1024,32,3,0.500000,700,2000,0.320106,0.296353,0.452642,0.399400,0.217527,0.396621,2,0.756478,0.069413,10,0.42350,0.28612,0.46623,0.43950,0.46203,0.46530,0.04513,0.02580,0.40665,0.44034,0.28304,0.19871,0.31792,0.29064,0.31057,0.31646,0.02733,0.02582,0.27284,0.29325,1.512193,0.000000,49866896,65592168,23.44,49.74,0.000000,0.001004,81420,30000,30240,30000,0,124339380,2.111841e+07,4.735205e-08,0.760257,0,46,46,30,INSERT,adversarial,50000,2000000,1
INSERT,adversarial,50000,2000000,0,8192-24-1-0.50,8192,24,1,0.500000,700,1000,0.318602,0.178539,0.459105,0.327735,0.143966,0.501797,5,0.864102,0.061065,8,0.09805,0.09264,0.10209,0.09908,0.10159,0.10199,0.00324,0.00291,0.09574,0.10037,0.10491,0.09826,0.11232,0.10380,0.11080,0.11202,0.00430,0.00822,0.10184,0.10799,0.954600,1.000000,49267584,65600096,13.26,25.00,0.000000,0.000183,25720,20000,1200,2460,0,44056340,4.830860e+06,2.070025e-07,0.751029,0,46,46,10,INSERT,adversarial,50000,2000000,1
