section,pattern,n,nops,param_set,label,segment_size,shortcuts_per_junction,max_skip_level,level_probability,local_interval,sub_interval,t_j,soft_pct,hard_pct,flagged_ratio_limit,min_seg_len_pct,max_suboptimal_segments,min_suboptimal_events_before_global,emergency_hard_segment_ratio,stop_crash_local_sub,block_size,jli_avg_us,jli_min_us,jli_max_us,jli_p50_us,jli_p95_us,jli_p99_us,jli_stddev_us,jli_jitter_us,jli_ci_lo_us,jli_ci_hi_us,sl_avg_us,sl_min_us,sl_max_us,sl_p50_us,sl_p95_us,sl_p99_us,sl_stddev_us,sl_jitter_us,sl_ci_lo_us,sl_ci_hi_us,ratio,win_rate,jli_mem_bytes,sl_mem_bytes,jli_steps_avg,jli_steps_p99,jli_dissolve_rate,jli_rebuild_rate,jli_local_scan,jli_sub_scan,jli_local_rebuild,jli_sub_rebuild,jli_global_rebuild,jli_rebuild_node_touches,jli_effective_cost,jli_efficiency,mem_ratio,repetition,seed,base_seed,repetitions_count,section2,pattern2,n2,nops2,eval_id
INSERT,adversarial,50000,2000000,0,1024-32-3-0.50,1024,32,3,0.500000,700,2000,0.320106,0.296353,0.452642,0.399400,0.217527,0.396621,2,0.756478,0.069413,10,0.29399,0.26910,0.32171,0.29402,0.31643,0.32098,0.01436,0.02696,0.28863,0.29935,0.20894,0.17484,0.24102,0.20736,0.23359,0.23949,0.01568,0.03213,0.20308,0.21479,1.417887,0.000000,49866960,82020736,23.44,49.84,0.000000,0.001004,81420,30000,30240,30000,0,124339380,1.466055e+07,6.821027e-08,0.607980,0,42,42,30,INSERT,adversarial,50000,2000000,1
INSERT,adversarial,50000,2000000,0,1024-32-3-0.50,1024,32,3,0.500000,700,2000,0.320106,0.296353,0.452642,0.399400,0.217527,0.396621,2,0.756478,0.069413,10,0.41122,0.28256,0.46741,0.42443,0.45367,0.46356,0.04516,0.03914,0.39436,0.42809,0.27741,0.19176,0.30816,0.28198,0.30626,0.30810,0.02629,0.02612,0.26759,0.28722,1.505165,0.000000,49866960,65620728,23.44,49.84,0.000000,0.001004,81420,30000,30240,30000,0,124339380,2.050652e+07,4.876497e-08,0.759927,0,42,42,30,INSERT,adversarial,50000,2000000,1
INSERT,adversarial,50000,2000000,0,8192-24-1-0.50,8192,24,1,0.500000,700,1000,0.318602,0.178539,0.459105,0.327735,0.143966,0.501797,5,0.864102,0.061065,8,0.12537,0.09555,0.18396,0.10237,0.18180,0.18353,0.03641,0.08115,0.09933,0.15141,0.13055,0.10175,0.19451,0.11246,0.18222,0.19205,0.03338,0.07960,0.10667,0.15442,0.910324,0.800000,49267584,65594624,13.26,25.00,0.000000,0.000183,25720,20000,1200,2460,0,44056340,6.176717e+06,1.618983e-07,0.751092,0,42,42,10,INSERT,adversarial,50000,2000000,1
