section,pattern,n,nops,param_set,label,segment_size,shortcuts_per_junction,max_skip_level,level_probability,local_interval,sub_interval,t_j,soft_pct,hard_pct,flagged_ratio_limit,min_seg_len_pct,max_suboptimal_segments,min_suboptimal_events_before_global,emergency_hard_segment_ratio,stop_crash_local_sub,block_size,jli_avg_us,jli_min_us,jli_max_us,jli_p50_us,jli_p95_us,jli_p99_us,jli_stddev_us,jli_jitter_us,jli_ci_lo_us,jli_ci_hi_us,sl_avg_us,sl_min_us,sl_max_us,sl_p50_us,sl_p95_us,sl_p99_us,sl_stddev_us,sl_jitter_us,sl_ci_lo_us,sl_ci_hi_us,ratio,win_rate,jli_mem_bytes,sl_mem_bytes,jli_steps_avg,jli_steps_p99,jli_dissolve_rate,jli_rebuild_rate,jli_local_scan,jli_sub_scan,jli_local_rebuild,jli_sub_rebuild,jli_global_rebuild,jli_rebuild_node_touches,jli_effective_cost,jli_efficiency,mem_ratio,repetition,seed,base_seed,repetitions_count,section2,pattern2,n2,nops2,eval_id
INSERT,adversarial,50000,2000000,0,1024-32-3-0.50,1024,32,3,0.500000,700,2000,0.320106,0.296353,0.452642,0.399400,0.217527,0.396621,2,0.756478,0.069413,10,0.29239,0.26915,0.32529,0.28995,0.32099,0.32527,0.01600,0.03532,0.28642,0.29837,0.20703,0.17105,0.23629,0.20953,0.22850,0.23428,0.01584,0.02475,0.20112,0.21295,1.383799,0.000000,49866920,82016672,23.44,49.77,0.000000,0.001004,81420,30000,30240,30000,0,124339380,1.458080e+07,6.858335e-08,0.608010,0,44,44,30,INSERT,adversarial,50000,2000000,1
INSERT,adversarial,50000,2000000,0,1024-32-3-0.50,1024,32,3,0.500000,700,2000,0.320106,0.296353,0.452642,0.399400,0.217527,0.396621,2,0.756478,0.069413,10,0.40594,0.27002,0.44986,0.41978,0.44494,0.44882,0.04710,0.02905,0.38836,0.42353,0.27347,0.18954,0.30921,0.27737,0.30194,0.30751,0.02699,0.03015,0.26340,0.28355,1.513437,0.033333,49866920,65616664,23.44,49.77,0.000000,0.001004,81420,30000,30240,30000,0,124339380,2.024322e+07,4.939926e-08,0.759973,0,44,44,30,INSERT,adversarial,50000,2000000,1
INSERT,adversarial,50000,2000000,0,8192-24-1-0.50,8192,24,1,0.500000,700,1000,0.318602,0.178539,0.459105,0.327735,0.143966,0.501797,5,0.864102,0.061065,8,0.12324,0.09447,0.16495,0.10086,0.16350,0.16466,0.03230,0.06380,0.10013,0.14634,0.12971,0.10382,0.16558,0.12654,0.16041,0.16455,0.02520,0.03801,0.11168,0.14773,0.797111,0.700000,49267584,65615248,13.26,25.00,0.000000,0.000183,25720,20000,1200,2460,0,44056340,6.071655e+06,1.646997e-07,0.750856,0,44,44,10,INSERT,adversarial,50000,2000000,1
