section,pattern,n,nops,param_set,label,segment_size,shortcuts_per_junction,max_skip_level,level_probability,local_interval,sub_interval,t_j,soft_pct,hard_pct,flagged_ratio_limit,min_seg_len_pct,max_suboptimal_segments,min_suboptimal_events_before_global,emergency_hard_segment_ratio,stop_crash_local_sub,block_size,jli_avg_us,jli_min_us,jli_max_us,jli_p50_us,jli_p95_us,jli_p99_us,jli_stddev_us,jli_jitter_us,jli_ci_lo_us,jli_ci_hi_us,sl_avg_us,sl_min_us,sl_max_us,sl_p50_us,sl_p95_us,sl_p99_us,sl_stddev_us,sl_jitter_us,sl_ci_lo_us,sl_ci_hi_us,ratio,win_rate,jli_mem_bytes,sl_mem_bytes,jli_steps_avg,jli_steps_p99,jli_dissolve_rate,jli_rebuild_rate,jli_local_scan,jli_sub_scan,jli_local_rebuild,jli_sub_rebuild,jli_global_rebuild,jli_rebuild_node_touches,jli_effective_cost,jli_efficiency,mem_ratio,repetition,seed,base_seed,repetitions_count,section2,pattern2,n2,nops2,eval_id
INSERT,adversarial,50000,2000000,0,1024-32-3-0.50,1024,32,3,0.500000,2500000,2600000,0.320106,0.296353,0.452642,0.399400,0.217527,0.396621,2,0.756478,0.069413,10,0.14712,0.10938,0.19274,0.14598,0.18429,0.19104,0.02530,0.04506,0.13767,0.15656,0.25232,0.19189,0.31506,0.26461,0.29799,0.31028,0.04171,0.04566,0.23675,0.26790,0.551673,1.000000,49216904,81992176,3.40,3.40,0.000000,0.000000,0,0,0,0,0,0,7.240606e+06,1.381100e-07,0.600263,0,46,46,30,INSERT,adversarial,50000,2000000,1
INSERT,adversarial,50000,2000000,0,1024-32-3-0.50,1024,32,3,0.500000,2500000,2600000,0.320106,0.296353,0.452642,0.399400,0.217527,0.396621,2,0.756478,0.069413,10,0.11477,0.09793,0.14670,0.11485,0.12864,0.14174,0.01008,0.02689,0.11101,0.11854,0.19611,0.16908,0.21946,0.19669,0.21448,0.21836,0.01242,0.02166,0.19147,0.20075,0.583929,1.000000,49216904,65592168,3.40,3.40,0.000000,0.000000,0,0,0,0,0,0,5.648819e+06,1.770281e-07,0.750347,0,46,46,30,INSERT,adversarial,50000,2000000,1
INSERT,adversarial,50000,2000000,0,8192-24-1-0.50,8192,24,1,0.500000,2500000,2600000,0.318602,0.178539,0.459105,0.327735,0.143966,0.501797,5,0.864102,0.061065,8,0.05281,0.05051,0.05563,0.05272,0.05494,0.05550,0.00149,0.00278,0.05174,0.05388,0.10363,0.09767,0.11072,0.10370,0.10927,0.11043,0.00391,0.00674,0.10083,0.10643,0.508354,1.000000,49202672,65600096,1.00,1.00,0.000000,0.000000,0,0,0,0,0,0,2.598438e+06,3.848466e-07,0.750040,0,46,46,10,INSERT,adversarial,50000,2000000,1
