section,pattern,n,nops,param_set,label,segment_size,shortcuts_per_junction,max_skip_level,level_probability,local_interval,sub_interval,t_j,soft_pct,hard_pct,flagged_ratio_limit,min_seg_len_pct,max_suboptimal_segments,min_suboptimal_events_before_global,emergency_hard_segment_ratio,stop_crash_local_sub,block_size,jli_avg_us,jli_min_us,jli_max_us,jli_p50_us,jli_p95_us,jli_p99_us,jli_stddev_us,jli_jitter_us,jli_ci_lo_us,jli_ci_hi_us,sl_avg_us,sl_min_us,sl_max_us,sl_p50_us,sl_p95_us,sl_p99_us,sl_stddev_us,sl_jitter_us,sl_ci_lo_us,sl_ci_hi_us,ratio,win_rate,jli_mem_bytes,sl_mem_bytes,jli_steps_avg,jli_steps_p99,jli_dissolve_rate,jli_rebuild_rate,jli_local_scan,jli_sub_scan,jli_local_rebuild,jli_sub_rebuild,jli_global_rebuild,jli_rebuild_node_touches,jli_effective_cost,jli_efficiency,mem_ratio,repetition,seed,base_seed,repetitions_count,section2,pattern2,n2,nops2,eval_id
INSERT,adversarial,50000,2000000,0,1024-32-3-0.50,1024,32,3,0.500000,2500000,2600000,0.320106,0.296353,0.452642,0.399400,0.217527,0.396621,2,0.756478,0.069413,10,0.10924,0.09255,0.12960,0.10799,0.12508,0.12837,0.00962,0.02038,0.10564,0.11283,0.19900,0.18249,0.21344,0.19838,0.21112,0.21303,0.00904,0.01465,0.19562,0.20237,0.544361,1.000000,49216912,82015632,3.40,3.40,0.000000,0.000000,0,0,0,0,0,0,5.376271e+06,1.860025e-07,0.600092,0,43,43,30,INSERT,adversarial,50000,2000000,1
INSERT,adversarial,50000,2000000,0,1024-32-3-0.50,1024,32,3,0.500000,2500000,2600000,0.320106,0.296353,0.452642,0.399400,0.217527,0.396621,2,0.756478,0.069413,10,0.17570,0.10433,0.21537,0.18306,0.20876,0.21361,0.02921,0.03056,0.16480,0.18661,0.28307,0.18967,0.33545,0.28939,0.32220,0.33208,0.03435,0.04270,0.27025,0.29590,0.632571,1.000000,49216912,65615624,3.40,3.40,0.000000,0.000000,0,0,0,0,0,0,8.647545e+06,1.156398e-07,0.750079,0,43,43,30,INSERT,adversarial,50000,2000000,1
INSERT,adversarial,50000,2000000,0,8192-24-1-0.50,8192,24,1,0.500000,2500000,2600000,0.318602,0.178539,0.459105,0.327735,0.143966,0.501797,5,0.864102,0.061065,8,0.05243,0.05066,0.05596,0.05192,0.05508,0.05578,0.00175,0.00386,0.05118,0.05369,0.10596,0.10212,0.11230,0.10540,0.11051,0.11194,0.00297,0.00655,0.10383,0.10809,0.492625,1.000000,49202672,65574112,1.00,1.00,0.000000,0.000000,0,0,0,0,0,0,2.579868e+06,3.876168e-07,0.750337,0,43,43,10,INSERT,adversarial,50000,2000000,1
