section,pattern,n,nops,param_set,label,segment_size,shortcuts_per_junction,max_skip_level,level_probability,local_interval,sub_interval,t_j,soft_pct,hard_pct,flagged_ratio_limit,min_seg_len_pct,max_suboptimal_segments,min_suboptimal_events_before_global,emergency_hard_segment_ratio,stop_crash_local_sub,block_size,jli_avg_us,jli_min_us,jli_max_us,jli_p50_us,jli_p95_us,jli_p99_us,jli_stddev_us,jli_jitter_us,jli_ci_lo_us,jli_ci_hi_us,sl_avg_us,sl_min_us,sl_max_us,sl_p50_us,sl_p95_us,sl_p99_us,sl_stddev_us,sl_jitter_us,sl_ci_lo_us,sl_ci_hi_us,ratio,win_rate,jli_mem_bytes,sl_mem_bytes,jli_steps_avg,jli_steps_p99,jli_dissolve_rate,jli_rebuild_rate,jli_local_scan,jli_sub_scan,jli_local_rebuild,jli_sub_rebuild,jli_global_rebuild,jli_rebuild_node_touches,jli_effective_cost,jli_efficiency,mem_ratio,repetition,seed,base_seed,repetitions_count,section2,pattern2,n2,nops2,eval_id
INSERT,adversarial,50000,2000000,0,1024-32-3-0.50,1024,32,3,0.500000,2500000,2600000,0.320106,0.296353,0.452642,0.399400,0.217527,0.396621,2,0.756478,0.069413,10,0.11381,0.09789,0.12875,0.11334,0.12802,0.12859,0.00901,0.01524,0.11045,0.11717,0.20181,0.17356,0.21948,0.20164,0.21739,0.21890,0.01051,0.01726,0.19788,0.20573,0.562098,1.000000,49216896,82016672,3.37,3.37,0.000000,0.000000,0,0,0,0,0,0,5.601283e+06,1.785305e-07,0.600084,0,44,44,30,INSERT,adversarial,50000,2000000,1
INSERT,adversarial,50000,2000000,0,1024-32-3-0.50,1024,32,3,0.500000,2500000,2600000,0.320106,0.296353,0.452642,0.399400,0.217527,0.396621,2,0.756478,0.069413,10,0.11571,0.09800,0.13883,0.11402,0.12869,0.13589,0.00940,0.02187,0.11220,0.11922,0.19490,0.16739,0.21070,0.19664,0.20977,0.21069,0.01081,0.01406,0.19086,0.19893,0.579822,1.000000,49216896,65616664,3.37,3.37,0.000000,0.000000,0,0,0,0,0,0,5.694833e+06,1.755978e-07,0.750067,0,44,44,30,INSERT,adversarial,50000,2000000,1
INSERT,adversarial,50000,2000000,0,8192-24-1-0.50,8192,24,1,0.500000,2500000,2600000,0.318602,0.178539,0.459105,0.327735,0.143966,0.501797,5,0.864102,0.061065,8,0.05323,0.05014,0.05963,0.05253,0.05793,0.05929,0.00273,0.00676,0.05127,0.05518,0.10499,0.09786,0.10761,0.10529,0.10732,0.10755,0.00280,0.00226,0.10299,0.10700,0.498925,1.000000,49202672,65615248,1.00,1.00,0.000000,0.000000,0,0,0,0,0,0,2.618817e+06,3.818519e-07,0.749866,0,44,44,10,INSERT,adversarial,50000,2000000,1
