section,pattern,n,nops,param_set,label,segment_size,shortcuts_per_junction,max_skip_level,level_probability,local_interval,sub_interval,t_j,soft_pct,hard_pct,flagged_ratio_limit,min_seg_len_pct,max_suboptimal_segments,min_suboptimal_events_before_global,emergency_hard_segment_ratio,stop_crash_local_sub,block_size,jli_avg_us,jli_min_us,jli_max_us,jli_p50_us,jli_p95_us,jli_p99_us,jli_stddev_us,jli_jitter_us,jli_ci_lo_us,jli_ci_hi_us,sl_avg_us,sl_min_us,sl_max_us,sl_p50_us,sl_p95_us,sl_p99_us,sl_stddev_us,sl_jitter_us,sl_ci_lo_us,sl_ci_hi_us,ratio,win_rate,jli_mem_bytes,sl_mem_bytes,jli_steps_avg,jli_steps_p99,jli_dissolve_rate,jli_rebuild_rate,jli_local_scan,jli_sub_scan,jli_local_rebuild,jli_sub_rebuild,jli_global_rebuild,jli_rebuild_node_touches,jli_effective_cost,jli_efficiency,mem_ratio,repetition,seed,base_seed,repetitions_count,section2,pattern2,n2,nops2,eval_id
INSERT,adversarial,50000,2000000,0,1024-32-3-0.50,1024,32,3,0.500000,2500000,2600000,0.320106,0.296353,0.452642,0.399400,0.217527,0.396621,2,0.756478,0.069413,10,0.11111,0.07935,0.13179,0.11014,0.12734,0.13091,0.01206,0.02076,0.10660,0.11561,0.19801,0.17864,0.22675,0.19827,0.21935,0.22476,0.01180,0.02649,0.19361,0.20242,0.555516,1.000000,49216872,82020736,3.40,3.40,0.000000,0.000000,0,0,0,0,0,0,5.468322e+06,1.828715e-07,0.600054,0,42,42,30,INSERT,adversarial,50000,2000000,1
INSERT,adversarial,50000,2000000,0,1024-32-3-0.50,1024,32,3,0.500000,2500000,2600000,0.320106,0.296353,0.452642,0.399400,0.217527,0.396621,2,0.756478,0.069413,10,0.17374,0.10802,0.20651,0.18099,0.20229,0.20641,0.02733,0.02542,0.16353,0.18394,0.28374,0.19620,0.33085,0.28989,0.32191,0.32835,0.03254,0.03846,0.27159,0.29589,0.624319,1.000000,49216872,65620728,3.40,3.40,0.000000,0.000000,0,0,0,0,0,0,8.550799e+06,1.169481e-07,0.750020,0,42,42,30,INSERT,adversarial,50000,2000000,1
INSERT,adversarial,50000,2000000,0,8192-24-1-0.50,8192,24,1,0.500000,2500000,2600000,0.318602,0.178539,0.459105,0.327735,0.143966,0.501797,5,0.864102,0.061065,8,0.05296,0.05080,0.05563,0.05292,0.05474,0.05545,0.00125,0.00253,0.05207,0.05386,0.10492,0.10021,0.11010,0.10456,0.10873,0.10982,0.00270,0.00527,0.10299,0.10685,0.506163,1.000000,49202672,65594624,1.00,1.00,0.000000,0.000000,0,0,0,0,0,0,2.605948e+06,3.837375e-07,0.750102,0,42,42,10,INSERT,adversarial,50000,2000000,1
